mol_id,score,interaction_count,priority_score,cluster_id,substitution_signature,smiles,R1,R2,R3,R4,R5,R6,R7,R8,R9,R10,R11,R16,R18,R20,R21,R22,R23,R26,R28,R29,R31,R32,R34,R35,R37,R38
EN300-39913932_30687,-12.52649626860646,,0.7908502889746772,,R2=[H].[H] | R3=[H].[H] | R4=[H] | R5=[H] | R6=[H].[H] | R7=[H].[H][N+]([H])C([H])([H])[H] | R8=[H].[H] | R9=[H].[H] | R10=[H] | R11=[H] | R16=[H]C([H])[H] | R18=[H] | R20=[H] | R21=[H] | R22=[H]NC([H])([H])[H] | R23=[H] | R26=[H].[H]C([H])[H] | R28=[H].[H] | R29=[H].[H] | R31=[H] | R32=[H].[H] | R34=F | R35=[H] | R37=[H] | R38=[H]C([H])[H],CNc1ccn(-c2ccnc3c2cc([C@H](C)N2CC=C(c4c(C)cc(C(=O)N5C[C@H]6CCC[C@H]([NH2+]C)[C@@H]6C5)cc4F)CC2)n3C)c(=O)c1,,[H].[H],[H].[H],[H],[H],[H].[H],[H].[H][N+]([H])C([H])([H])[H],[H].[H],[H].[H],[H],[H],[H]C([H])[H],[H],[H],[H],[H]NC([H])([H])[H],[H],[H].[H]C([H])[H],[H].[H],[H].[H],[H],[H].[H],F,[H],[H],[H]C([H])[H]
LN00215167_818,-12.156118384132643,,0.7457750854267426,,R1=[H].[H]O | R2=[H].[H] | R3=[H].[H] | R4=[H] | R5=[H].[H] | R6=[H] | R7=[H].[H] | R8=[H].[H] | R10=[H] | R11=[H] | R16=[H]C([H])[H] | R18=[H] | R20=[H] | R21=[H] | R22=[H]NC([H])([H])[H] | R23=[H] | R26=[H].[H]C([H])[H] | R28=[H].[H] | R29=[H].[H] | R31=[H] | R32=[H].[H] | R34=F | R35=[H] | R37=[H] | R38=[H]C([H])[H],CNc1ccn(-c2ccnc3c2cc([C@H](C)N2CC=C(c4c(C)cc(C(=O)N5C[C@@H]6CC[C@@H](O)C[C@H]6C5)cc4F)CC2)n3C)c(=O)c1,[H].[H]O,[H].[H],[H].[H],[H],[H].[H],[H],[H].[H],[H].[H],,[H],[H],[H]C([H])[H],[H],[H],[H],[H]NC([H])([H])[H],[H],[H].[H]C([H])[H],[H].[H],[H].[H],[H],[H].[H],F,[H],[H],[H]C([H])[H]
EN300-7134674_23800,-12.136407483384266,,0.7433762573633218,,R1=[H].[H]C([H])[H] | R3=[H].[H] | R4=[H] | R5=[H].[H] | R6=[H].[H] | R7=[H].[H] | R8=[H].[H] | R9=[H] | R10=[H] | R11=[H] | R16=[H]C([H])[H] | R18=[H] | R20=[H] | R21=[H] | R22=[H]NC([H])([H])[H] | R23=[H] | R26=[H].[H]C([H])[H] | R28=[H].[H] | R29=[H].[H] | R31=[H] | R32=[H].[H] | R34=F | R35=[H] | R37=[H] | R38=[H]C([H])[H],CNc1ccn(-c2ccnc3c2cc([C@H](C)N2CC=C(c4c(C)cc(C(=O)N5C[C@@H]6CCCC[C@@H]6[C@@H]5C)cc4F)CC2)n3C)c(=O)c1,[H].[H]C([H])[H],,[H].[H],[H],[H].[H],[H].[H],[H].[H],[H].[H],[H],[H],[H],[H]C([H])[H],[H],[H],[H],[H]NC([H])([H])[H],[H],[H].[H]C([H])[H],[H].[H],[H].[H],[H],[H].[H],F,[H],[H],[H]C([H])[H]
EN300-7355477_20479,-12.12451085795752,,0.7419284311427957,,R1=[H].[H]O | R2=[H].[H] | R3=[H] | R4=[H].[H] | R6=[H].[H] | R7=[H] | R8=[H].[H] | R9=[H].[H]O | R10=[H] | R11=[H] | R16=[H]C([H])[H] | R18=[H] | R20=[H] | R21=[H] | R22=[H]NC([H])([H])[H] | R23=[H] | R26=[H].[H]C([H])[H] | R28=[H].[H] | R29=[H].[H] | R31=[H] | R32=[H].[H] | R34=F | R35=[H] | R37=[H] | R38=[H]C([H])[H],CNc1ccn(-c2ccnc3c2cc([C@H](C)N2CC=C(c4c(C)cc(C(=O)N5C[C@H]6C[C@@H](O)[C@H](O)C[C@@H]6C5)cc4F)CC2)n3C)c(=O)c1,[H].[H]O,[H].[H],[H],[H].[H],,[H].[H],[H],[H].[H],[H].[H]O,[H],[H],[H]C([H])[H],[H],[H],[H],[H]NC([H])([H])[H],[H],[H].[H]C([H])[H],[H].[H],[H].[H],[H],[H].[H],F,[H],[H],[H]C([H])[H]
LN00215167_825,-12.115654101790014,,0.7408505587757889,,R1=[H].[H]O | R2=[H].[H] | R3=[H].[H] | R4=[H] | R5=[H].[H] | R6=[H] | R7=[H].[H] | R8=[H].[H] | R10=[H] | R11=[H] | R16=[H]C([H])[H] | R18=[H] | R20=[H] | R21=[H] | R22=[H]NC([H])([H])[H] | R23=[H] | R26=[H].[H]C([H])[H] | R28=[H].[H] | R29=[H].[H] | R31=[H] | R32=[H].[H] | R34=F | R35=[H] | R37=[H] | R38=[H]C([H])[H],CNc1ccn(-c2ccnc3c2cc([C@H](C)N2CC=C(c4c(C)cc(C(=O)N5C[C@H]6CC[C@H](O)C[C@@H]6C5)cc4F)CC2)n3C)c(=O)c1,[H].[H]O,[H].[H],[H].[H],[H],[H].[H],[H],[H].[H],[H].[H],,[H],[H],[H]C([H])[H],[H],[H],[H],[H]NC([H])([H])[H],[H],[H].[H]C([H])[H],[H].[H],[H].[H],[H],[H].[H],F,[H],[H],[H]C([H])[H]
EN300-7134674_23797,-12.105224122256883,,0.7395812242119163,,R1=[H].[H]C([H])[H] | R3=[H].[H] | R4=[H] | R5=[H].[H] | R6=[H].[H] | R7=[H].[H] | R8=[H].[H] | R9=[H] | R10=[H] | R11=[H] | R16=[H]C([H])[H] | R18=[H] | R20=[H] | R21=[H] | R22=[H]NC([H])([H])[H] | R23=[H] | R26=[H].[H]C([H])[H] | R28=[H].[H] | R29=[H].[H] | R31=[H] | R32=[H].[H] | R34=F | R35=[H] | R37=[H] | R38=[H]C([H])[H],CNc1ccn(-c2ccnc3c2cc([C@H](C)N2CC=C(c4c(C)cc(C(=O)N5C[C@H]6CCCC[C@H]6[C@H]5C)cc4F)CC2)n3C)c(=O)c1,[H].[H]C([H])[H],,[H].[H],[H],[H].[H],[H].[H],[H].[H],[H].[H],[H],[H],[H],[H]C([H])[H],[H],[H],[H],[H]NC([H])([H])[H],[H],[H].[H]C([H])[H],[H].[H],[H].[H],[H],[H].[H],F,[H],[H],[H]C([H])[H]
EN300-7355477_20478,-12.05012878055282,,0.7328760891432234,,R1=[H].[H]O | R2=[H].[H] | R3=[H] | R4=[H].[H] | R6=[H].[H] | R7=[H] | R8=[H].[H] | R9=[H].[H]O | R10=[H] | R11=[H] | R16=[H]C([H])[H] | R18=[H] | R20=[H] | R21=[H] | R22=[H]NC([H])([H])[H] | R23=[H] | R26=[H].[H]C([H])[H] | R28=[H].[H] | R29=[H].[H] | R31=[H] | R32=[H].[H] | R34=F | R35=[H] | R37=[H] | R38=[H]C([H])[H],CNc1ccn(-c2ccnc3c2cc([C@H](C)N2CC=C(c4c(C)cc(C(=O)N5C[C@H]6C[C@@H](O)[C@@H](O)C[C@H]6C5)cc4F)CC2)n3C)c(=O)c1,[H].[H]O,[H].[H],[H],[H].[H],,[H].[H],[H],[H].[H],[H].[H]O,[H],[H],[H]C([H])[H],[H],[H],[H],[H]NC([H])([H])[H],[H],[H].[H]C([H])[H],[H].[H],[H].[H],[H],[H].[H],F,[H],[H],[H]C([H])[H]
EN300-7355477_20477,-12.014263949269893,,0.7285113183562556,,R1=[H].[H]O | R2=[H].[H] | R3=[H] | R4=[H].[H] | R6=[H].[H] | R7=[H] | R8=[H].[H] | R9=[H].[H]O | R10=[H] | R11=[H] | R16=[H]C([H])[H] | R18=[H] | R20=[H] | R21=[H] | R22=[H]NC([H])([H])[H] | R23=[H] | R26=[H].[H]C([H])[H] | R28=[H].[H] | R29=[H].[H] | R31=[H] | R32=[H].[H] | R34=F | R35=[H] | R37=[H] | R38=[H]C([H])[H],CNc1ccn(-c2ccnc3c2cc([C@H](C)N2CC=C(c4c(C)cc(C(=O)N5C[C@H]6C[C@H](O)[C@H](O)C[C@H]6C5)cc4F)CC2)n3C)c(=O)c1,[H].[H]O,[H].[H],[H],[H].[H],,[H].[H],[H],[H].[H],[H].[H]O,[H],[H],[H]C([H])[H],[H],[H],[H],[H]NC([H])([H])[H],[H],[H].[H]C([H])[H],[H].[H],[H].[H],[H],[H].[H],F,[H],[H],[H]C([H])[H]
EN300-7134674_23796,-11.940522610387344,,0.7195369546067831,,R1=[H].[H]C([H])[H] | R3=[H].[H] | R4=[H] | R5=[H].[H] | R6=[H].[H] | R7=[H].[H] | R8=[H].[H] | R9=[H] | R10=[H] | R11=[H] | R16=[H]C([H])[H] | R18=[H] | R20=[H] | R21=[H] | R22=[H]NC([H])([H])[H] | R23=[H] | R26=[H].[H]C([H])[H] | R28=[H].[H] | R29=[H].[H] | R31=[H] | R32=[H].[H] | R34=F | R35=[H] | R37=[H] | R38=[H]C([H])[H],CNc1ccn(-c2ccnc3c2cc([C@H](C)N2CC=C(c4c(C)cc(C(=O)N5C[C@@H]6CCCC[C@H]6[C@@H]5C)cc4F)CC2)n3C)c(=O)c1,[H].[H]C([H])[H],,[H].[H],[H],[H].[H],[H].[H],[H].[H],[H].[H],[H],[H],[H],[H]C([H])[H],[H],[H],[H],[H]NC([H])([H])[H],[H],[H].[H]C([H])[H],[H].[H],[H].[H],[H],[H].[H],F,[H],[H],[H]C([H])[H]
LN00001583_2239,-11.930738912246841,,0.7183462728635651,,R2=[H].[H] | R3=[H].[H] | R4=[H] | R5=[H] | R6=[H].[H] | R7=[H].[H] | R8=[H].[H] | R9=[H].[H] | R10=[H] | R11=[H] | R16=[H]C([H])[H] | R18=[H] | R20=[H] | R21=[H] | R22=[H]NC([H])([H])[H] | R23=[H] | R26=[H].[H]C([H])[H] | R28=[H].[H] | R29=[H].[H] | R31=[H] | R32=[H].[H] | R34=F | R35=[H] | R37=[H] | R38=[H]C([H])[H],CNc1ccn(-c2ccnc3c2cc([C@H](C)N2CC=C(c4c(C)cc(C(=O)N5C[C@H]6CCCC[C@@H]6C5)cc4F)CC2)n3C)c(=O)c1,,[H].[H],[H].[H],[H],[H],[H].[H],[H].[H],[H].[H],[H].[H],[H],[H],[H]C([H])[H],[H],[H],[H],[H]NC([H])([H])[H],[H],[H].[H]C([H])[H],[H].[H],[H].[H],[H],[H].[H],F,[H],[H],[H]C([H])[H]
EN300-46644000_33626,-11.893865986293871,,0.7138588163700457,,R1=[H].[H]C([H])([H])O | R2=[H].[H] | R3=[H].[H] | R4=[H].[H] | R5=[H] | R6=[H].[H] | R8=[H].[H] | R9=[H] | R10=[H] | R11=[H] | R16=[H]C([H])[H] | R18=[H] | R20=[H] | R21=[H] | R22=[H]NC([H])([H])[H] | R23=[H] | R26=[H].[H]C([H])[H] | R28=[H].[H] | R29=[H].[H] | R31=[H] | R32=[H].[H] | R34=F | R35=[H] | R37=[H] | R38=[H]C([H])[H],CNc1ccn(-c2ccnc3c2cc([C@H](C)N2CC=C(c4c(C)cc(C(=O)N5C[C@@H]6CCC[C@H](OC)[C@@H]6C5)cc4F)CC2)n3C)c(=O)c1,[H].[H]C([H])([H])O,[H].[H],[H].[H],[H].[H],[H],[H].[H],,[H].[H],[H],[H],[H],[H]C([H])[H],[H],[H],[H],[H]NC([H])([H])[H],[H],[H].[H]C([H])[H],[H].[H],[H].[H],[H],[H].[H],F,[H],[H],[H]C([H])[H]
EN300-6488083_14694,-11.715752104129198,,0.692182253514001,,R1=FC(F)F | R2=[H].[H] | R4=[H].[H] | R5=[H] | R6=[H].[H] | R7=[H].[H] | R8=[H].[H] | R9=[H].[H] | R10=[H] | R11=[H] | R16=[H]C([H])[H] | R18=[H] | R20=[H] | R21=[H] | R22=[H]NC([H])([H])[H] | R23=[H] | R26=[H].[H]C([H])[H] | R28=[H].[H] | R29=[H].[H] | R31=[H] | R32=[H].[H] | R34=F | R35=[H] | R37=[H] | R38=[H]C([H])[H],CNc1ccn(-c2ccnc3c2cc([C@H](C)N2CC=C(c4c(C)cc(C(=O)N5C[C@H]6CCCC[C@@]6(C(F)(F)F)C5)cc4F)CC2)n3C)c(=O)c1,FC(F)F,[H].[H],,[H].[H],[H],[H].[H],[H].[H],[H].[H],[H].[H],[H],[H],[H]C([H])[H],[H],[H],[H],[H]NC([H])([H])[H],[H],[H].[H]C([H])[H],[H].[H],[H].[H],[H],[H].[H],F,[H],[H],[H]C([H])[H]
EN300-861924_22960,-11.707663203294336,,0.6911978295867236,,R1=[H].[H][N+](C([H])([H])[H])C([H])([H])[H] | R2=[H].[H] | R3=[H].[H] | R4=[H] | R5=[H].[H] | R7=[H].[H] | R8=[H] | R9=[H].[H] | R10=[H] | R11=[H] | R16=[H]C([H])[H] | R18=[H] | R20=[H] | R21=[H] | R22=[H]NC([H])([H])[H] | R23=[H] | R26=[H].[H]C([H])[H] | R28=[H].[H] | R29=[H].[H] | R31=[H] | R32=[H].[H] | R34=F | R35=[H] | R37=[H] | R38=[H]C([H])[H],CNc1ccn(-c2ccnc3c2cc([C@H](C)N2CC=C(c4c(C)cc(C(=O)N5C[C@H]6CC[C@H]([NH+](C)C)C[C@@H]6C5)cc4F)CC2)n3C)c(=O)c1,[H].[H][N+](C([H])([H])[H])C([H])([H])[H],[H].[H],[H].[H],[H],[H].[H],,[H].[H],[H],[H].[H],[H],[H],[H]C([H])[H],[H],[H],[H],[H]NC([H])([H])[H],[H],[H].[H]C([H])[H],[H].[H],[H].[H],[H],[H].[H],F,[H],[H],[H]C([H])[H]
EN300-26621536_26508,-11.573355359958382,,0.6748524870859074,,R1=[H].[H]C([H])[H] | R3=[H].[H]C([H])[H] | R4=[H] | R5=[H].[H] | R6=[H].[H] | R7=[H].[H] | R8=[H].[H] | R9=[H] | R10=[H] | R11=[H] | R16=[H]C([H])[H] | R18=[H] | R20=[H] | R21=[H] | R22=[H]NC([H])([H])[H] | R23=[H] | R26=[H].[H]C([H])[H] | R28=[H].[H] | R29=[H].[H] | R31=[H] | R32=[H].[H] | R34=F | R35=[H] | R37=[H] | R38=[H]C([H])[H],CNc1ccn(-c2ccnc3c2cc([C@H](C)N2CC=C(c4c(C)cc(C(=O)N5[C@H](C)[C@@H]6CCCC[C@H]6[C@@H]5C)cc4F)CC2)n3C)c(=O)c1,[H].[H]C([H])[H],,[H].[H]C([H])[H],[H],[H].[H],[H].[H],[H].[H],[H].[H],[H],[H],[H],[H]C([H])[H],[H],[H],[H],[H]NC([H])([H])[H],[H],[H].[H]C([H])[H],[H].[H],[H].[H],[H],[H].[H],F,[H],[H],[H]C([H])[H]
EN300-7355477_20480,-11.566678185032407,,0.6740398710212601,,R1=[H].[H]O | R2=[H].[H] | R3=[H] | R4=[H].[H] | R6=[H].[H] | R7=[H] | R8=[H].[H] | R9=[H].[H]O | R10=[H] | R11=[H] | R16=[H]C([H])[H] | R18=[H] | R20=[H] | R21=[H] | R22=[H]NC([H])([H])[H] | R23=[H] | R26=[H].[H]C([H])[H] | R28=[H].[H] | R29=[H].[H] | R31=[H] | R32=[H].[H] | R34=F | R35=[H] | R37=[H] | R38=[H]C([H])[H],CNc1ccn(-c2ccnc3c2cc([C@H](C)N2CC=C(c4c(C)cc(C(=O)N5C[C@H]6C[C@@H](O)[C@@H](O)C[C@@H]6C5)cc4F)CC2)n3C)c(=O)c1,[H].[H]O,[H].[H],[H],[H].[H],,[H].[H],[H],[H].[H],[H].[H]O,[H],[H],[H]C([H])[H],[H],[H],[H],[H]NC([H])([H])[H],[H],[H].[H]C([H])[H],[H].[H],[H].[H],[H],[H].[H],F,[H],[H],[H]C([H])[H]
EN300-26621536_26516,-11.521334665042732,,0.6685215383162226,,R1=[H].[H]C([H])[H] | R3=[H].[H]C([H])[H] | R4=[H] | R5=[H].[H] | R6=[H].[H] | R7=[H].[H] | R8=[H].[H] | R9=[H] | R10=[H] | R11=[H] | R16=[H]C([H])[H] | R18=[H] | R20=[H] | R21=[H] | R22=[H]NC([H])([H])[H] | R23=[H] | R26=[H].[H]C([H])[H] | R28=[H].[H] | R29=[H].[H] | R31=[H] | R32=[H].[H] | R34=F | R35=[H] | R37=[H] | R38=[H]C([H])[H],CNc1ccn(-c2ccnc3c2cc([C@H](C)N2CC=C(c4c(C)cc(C(=O)N5[C@@H](C)[C@H]6CCCC[C@@H]6[C@@H]5C)cc4F)CC2)n3C)c(=O)c1,[H].[H]C([H])[H],,[H].[H]C([H])[H],[H],[H].[H],[H].[H],[H].[H],[H].[H],[H],[H],[H],[H]C([H])[H],[H],[H],[H],[H]NC([H])([H])[H],[H],[H].[H]C([H])[H],[H].[H],[H].[H],[H],[H].[H],F,[H],[H],[H]C([H])[H]
EN300-7355477_20481,-11.471788835982759,,0.6624917821578542,,R1=[H].[H]O | R2=[H].[H] | R3=[H] | R4=[H].[H] | R6=[H].[H] | R7=[H] | R8=[H].[H] | R9=[H].[H]O | R10=[H] | R11=[H] | R16=[H]C([H])[H] | R18=[H] | R20=[H] | R21=[H] | R22=[H]NC([H])([H])[H] | R23=[H] | R26=[H].[H]C([H])[H] | R28=[H].[H] | R29=[H].[H] | R31=[H] | R32=[H].[H] | R34=F | R35=[H] | R37=[H] | R38=[H]C([H])[H],CNc1ccn(-c2ccnc3c2cc([C@H](C)N2CC=C(c4c(C)cc(C(=O)N5C[C@@H]6C[C@H](O)[C@@H](O)C[C@H]6C5)cc4F)CC2)n3C)c(=O)c1,[H].[H]O,[H].[H],[H],[H].[H],,[H].[H],[H],[H].[H],[H].[H]O,[H],[H],[H]C([H])[H],[H],[H],[H],[H]NC([H])([H])[H],[H],[H].[H]C([H])[H],[H].[H],[H].[H],[H],[H].[H],F,[H],[H],[H]C([H])[H]
EN300-7134674_23801,-11.402700218152333,,0.6540836572613687,,R1=[H].[H]C([H])[H] | R3=[H].[H] | R4=[H] | R5=[H].[H] | R6=[H].[H] | R7=[H].[H] | R8=[H].[H] | R9=[H] | R10=[H] | R11=[H] | R16=[H]C([H])[H] | R18=[H] | R20=[H] | R21=[H] | R22=[H]NC([H])([H])[H] | R23=[H] | R26=[H].[H]C([H])[H] | R28=[H].[H] | R29=[H].[H] | R31=[H] | R32=[H].[H] | R34=F | R35=[H] | R37=[H] | R38=[H]C([H])[H],CNc1ccn(-c2ccnc3c2cc([C@H](C)N2CC=C(c4c(C)cc(C(=O)N5C[C@H]6CCCC[C@@H]6[C@H]5C)cc4F)CC2)n3C)c(=O)c1,[H].[H]C([H])[H],,[H].[H],[H],[H].[H],[H].[H],[H].[H],[H].[H],[H],[H],[H],[H]C([H])[H],[H],[H],[H],[H]NC([H])([H])[H],[H],[H].[H]C([H])[H],[H].[H],[H].[H],[H],[H].[H],F,[H],[H],[H]C([H])[H]
EN300-7134674_23795,-11.384117012756274,,0.6518220703769617,,R1=[H].[H]C([H])[H] | R3=[H].[H] | R4=[H] | R5=[H].[H] | R6=[H].[H] | R7=[H].[H] | R8=[H].[H] | R9=[H] | R10=[H] | R11=[H] | R16=[H]C([H])[H] | R18=[H] | R20=[H] | R21=[H] | R22=[H]NC([H])([H])[H] | R23=[H] | R26=[H].[H]C([H])[H] | R28=[H].[H] | R29=[H].[H] | R31=[H] | R32=[H].[H] | R34=F | R35=[H] | R37=[H] | R38=[H]C([H])[H],CNc1ccn(-c2ccnc3c2cc([C@H](C)N2CC=C(c4c(C)cc(C(=O)N5C[C@@H]6CCCC[C@H]6[C@H]5C)cc4F)CC2)n3C)c(=O)c1,[H].[H]C([H])[H],,[H].[H],[H],[H].[H],[H].[H],[H].[H],[H].[H],[H],[H],[H],[H]C([H])[H],[H],[H],[H],[H]NC([H])([H])[H],[H],[H].[H]C([H])[H],[H].[H],[H].[H],[H],[H].[H],F,[H],[H],[H]C([H])[H]
LN00001583_2237,-11.337498662246308,,0.646148590057555,,R2=[H].[H] | R3=[H].[H] | R4=[H] | R5=[H] | R6=[H].[H] | R7=[H].[H] | R8=[H].[H] | R9=[H].[H] | R10=[H] | R11=[H] | R16=[H]C([H])[H] | R18=[H] | R20=[H] | R21=[H] | R22=[H]NC([H])([H])[H] | R23=[H] | R26=[H].[H]C([H])[H] | R28=[H].[H] | R29=[H].[H] | R31=[H] | R32=[H].[H] | R34=F | R35=[H] | R37=[H] | R38=[H]C([H])[H],CNc1ccn(-c2ccnc3c2cc([C@H](C)N2CC=C(c4c(C)cc(C(=O)N5C[C@@H]6CCCC[C@H]6C5)cc4F)CC2)n3C)c(=O)c1,,[H].[H],[H].[H],[H],[H],[H].[H],[H].[H],[H].[H],[H].[H],[H],[H],[H]C([H])[H],[H],[H],[H],[H]NC([H])([H])[H],[H],[H].[H]C([H])[H],[H].[H],[H].[H],[H],[H].[H],F,[H],[H],[H]C([H])[H]
EN300-52473565_41857,-11.325970199831998,,0.6447455694893642,,R1=[H].[H]O | R2=[H].[H] | R3=[H].[H] | R4=[H].[H] | R5=[H] | R6=[H].[H] | R8=[H].[H] | R9=F | R10=[H] | R11=[H] | R16=[H]C([H])[H] | R18=[H] | R20=[H] | R21=[H] | R22=[H]NC([H])([H])[H] | R23=[H] | R26=[H].[H]C([H])[H] | R28=[H].[H] | R29=[H].[H] | R31=[H] | R32=[H].[H] | R34=F | R35=[H] | R37=[H] | R38=[H]C([H])[H],CNc1ccn(-c2ccnc3c2cc([C@H](C)N2CC=C(c4c(C)cc(C(=O)N5C[C@H]6CCC[C@H](O)[C@]6(F)C5)cc4F)CC2)n3C)c(=O)c1,[H].[H]O,[H].[H],[H].[H],[H].[H],[H],[H].[H],,[H].[H],F,[H],[H],[H]C([H])[H],[H],[H],[H],[H]NC([H])([H])[H],[H],[H].[H]C([H])[H],[H].[H],[H].[H],[H],[H].[H],F,[H],[H],[H]C([H])[H]
EN300-46644000_33628,-11.268090830717199,,0.6377016166686336,,R1=[H].[H]C([H])([H])O | R2=[H].[H] | R3=[H].[H] | R4=[H].[H] | R5=[H] | R6=[H].[H] | R8=[H].[H] | R9=[H] | R10=[H] | R11=[H] | R16=[H]C([H])[H] | R18=[H] | R20=[H] | R21=[H] | R22=[H]NC([H])([H])[H] | R23=[H] | R26=[H].[H]C([H])[H] | R28=[H].[H] | R29=[H].[H] | R31=[H] | R32=[H].[H] | R34=F | R35=[H] | R37=[H] | R38=[H]C([H])[H],CNc1ccn(-c2ccnc3c2cc([C@H](C)N2CC=C(c4c(C)cc(C(=O)N5C[C@H]6CCC[C@H](OC)[C@@H]6C5)cc4F)CC2)n3C)c(=O)c1,[H].[H]C([H])([H])O,[H].[H],[H].[H],[H].[H],[H],[H].[H],,[H].[H],[H],[H],[H],[H]C([H])[H],[H],[H],[H],[H]NC([H])([H])[H],[H],[H].[H]C([H])[H],[H].[H],[H].[H],[H],[H].[H],F,[H],[H],[H]C([H])[H]
EN300-134954_20147,-11.178588539121856,,0.6268091358246487,,R1=[H].[H]O | R2=[H].[H] | R3=[H].[H] | R4=[H] | R5=[H].[H] | R7=[H].[H] | R8=[H] | R9=[H].[H] | R10=[H] | R11=[H] | R16=[H]C([H])[H] | R18=[H] | R20=[H] | R21=[H] | R22=[H]NC([H])([H])[H] | R23=[H] | R26=[H].[H]C([H])[H] | R28=[H].[H] | R29=[H].[H] | R31=[H] | R32=[H].[H] | R34=F | R35=[H] | R37=[H] | R38=[H]C([H])[H],CNc1ccn(-c2ccnc3c2cc([C@H](C)N2CC=C(c4c(C)cc(C(=O)N5C[C@H]6CC[C@H](O)C[C@H]6C5)cc4F)CC2)n3C)c(=O)c1,[H].[H]O,[H].[H],[H].[H],[H],[H].[H],,[H].[H],[H],[H].[H],[H],[H],[H]C([H])[H],[H],[H],[H],[H]NC([H])([H])[H],[H],[H].[H]C([H])[H],[H].[H],[H].[H],[H],[H].[H],F,[H],[H],[H]C([H])[H]
LN00215167_820,-11.141290493821977,,0.622269942059825,,R1=[H].[H]O | R2=[H].[H] | R3=[H].[H] | R4=[H] | R5=[H].[H] | R6=[H] | R7=[H].[H] | R8=[H].[H] | R10=[H] | R11=[H] | R16=[H]C([H])[H] | R18=[H] | R20=[H] | R21=[H] | R22=[H]NC([H])([H])[H] | R23=[H] | R26=[H].[H]C([H])[H] | R28=[H].[H] | R29=[H].[H] | R31=[H] | R32=[H].[H] | R34=F | R35=[H] | R37=[H] | R38=[H]C([H])[H],CNc1ccn(-c2ccnc3c2cc([C@H](C)N2CC=C(c4c(C)cc(C(=O)N5C[C@H]6C[C@H](O)CC[C@H]6C5)cc4F)CC2)n3C)c(=O)c1,[H].[H]O,[H].[H],[H].[H],[H],[H].[H],[H],[H].[H],[H].[H],,[H],[H],[H]C([H])[H],[H],[H],[H],[H]NC([H])([H])[H],[H],[H].[H]C([H])[H],[H].[H],[H].[H],[H],[H].[H],F,[H],[H],[H]C([H])[H]
EN300-39913932_30685,-11.084346196407035,,0.6153397880077838,,R2=[H].[H] | R3=[H].[H] | R4=[H] | R5=[H] | R6=[H].[H] | R7=[H].[H][N+]([H])C([H])([H])[H] | R8=[H].[H] | R9=[H].[H] | R10=[H] | R11=[H] | R16=[H]C([H])[H] | R18=[H] | R20=[H] | R21=[H] | R22=[H]NC([H])([H])[H] | R23=[H] | R26=[H].[H]C([H])[H] | R28=[H].[H] | R29=[H].[H] | R31=[H] | R32=[H].[H] | R34=F | R35=[H] | R37=[H] | R38=[H]C([H])[H],CNc1ccn(-c2ccnc3c2cc([C@H](C)N2CC=C(c4c(C)cc(C(=O)N5C[C@H]6CCC[C@H]([NH2+]C)[C@H]6C5)cc4F)CC2)n3C)c(=O)c1,,[H].[H],[H].[H],[H],[H],[H].[H],[H].[H][N+]([H])C([H])([H])[H],[H].[H],[H].[H],[H],[H],[H]C([H])[H],[H],[H],[H],[H]NC([H])([H])[H],[H],[H].[H]C([H])[H],[H].[H],[H].[H],[H],[H].[H],F,[H],[H],[H]C([H])[H]
EN300-52473565_41859,-11.074120994623357,,0.6140953750148948,,R1=[H].[H]O | R2=[H].[H] | R3=[H].[H] | R4=[H].[H] | R5=[H] | R6=[H].[H] | R8=[H].[H] | R9=F | R10=[H] | R11=[H] | R16=[H]C([H])[H] | R18=[H] | R20=[H] | R21=[H] | R22=[H]NC([H])([H])[H] | R23=[H] | R26=[H].[H]C([H])[H] | R28=[H].[H] | R29=[H].[H] | R31=[H] | R32=[H].[H] | R34=F | R35=[H] | R37=[H] | R38=[H]C([H])[H],CNc1ccn(-c2ccnc3c2cc([C@H](C)N2CC=C(c4c(C)cc(C(=O)N5C[C@@H]6CCC[C@H](O)[C@]6(F)C5)cc4F)CC2)n3C)c(=O)c1,[H].[H]O,[H].[H],[H].[H],[H].[H],[H],[H].[H],,[H].[H],F,[H],[H],[H]C([H])[H],[H],[H],[H],[H]NC([H])([H])[H],[H],[H].[H]C([H])[H],[H].[H],[H].[H],[H],[H].[H],F,[H],[H],[H]C([H])[H]
EN300-1692608_18410,-10.998187261882697,,0.6048541956601872,,R1=[H].[H]O | R2=[H].[H] | R3=[H].[H] | R4=[H].[H] | R5=[H] | R6=[H].[H] | R8=[H].[H] | R9=[H] | R10=[H] | R11=[H] | R16=[H]C([H])[H] | R18=[H] | R20=[H] | R21=[H] | R22=[H]NC([H])([H])[H] | R23=[H] | R26=[H].[H]C([H])[H] | R28=[H].[H] | R29=[H].[H] | R31=[H] | R32=[H].[H] | R34=F | R35=[H] | R37=[H] | R38=[H]C([H])[H],CNc1ccn(-c2ccnc3c2cc([C@H](C)N2CC=C(c4c(C)cc(C(=O)N5C[C@@H]6CCC[C@H](O)[C@H]6C5)cc4F)CC2)n3C)c(=O)c1,[H].[H]O,[H].[H],[H].[H],[H].[H],[H],[H].[H],,[H].[H],[H],[H],[H],[H]C([H])[H],[H],[H],[H],[H]NC([H])([H])[H],[H],[H].[H]C([H])[H],[H].[H],[H].[H],[H],[H].[H],F,[H],[H],[H]C([H])[H]
EN300-52473565_41858,-9.996643031281288,,0.482965681391162,,R1=[H].[H]O | R2=[H].[H] | R3=[H].[H] | R4=[H].[H] | R5=[H] | R6=[H].[H] | R8=[H].[H] | R9=F | R10=[H] | R11=[H] | R16=[H]C([H])[H] | R18=[H] | R20=[H] | R21=[H] | R22=[H]NC([H])([H])[H] | R23=[H] | R26=[H].[H]C([H])[H] | R28=[H].[H] | R29=[H].[H] | R31=[H] | R32=[H].[H] | R34=F | R35=[H] | R37=[H] | R38=[H]C([H])[H],CNc1ccn(-c2ccnc3c2cc([C@H](C)N2CC=C(c4c(C)cc(C(=O)N5C[C@@H]6CCC[C@@H](O)[C@]6(F)C5)cc4F)CC2)n3C)c(=O)c1,[H].[H]O,[H].[H],[H].[H],[H].[H],[H],[H].[H],,[H].[H],F,[H],[H],[H]C([H])[H],[H],[H],[H],[H]NC([H])([H])[H],[H],[H].[H]C([H])[H],[H].[H],[H].[H],[H],[H].[H],F,[H],[H],[H]C([H])[H]
EN300-1692608_18412,-9.75225520768506,,0.45322354139031806,,R1=[H].[H]O | R2=[H].[H] | R3=[H].[H] | R4=[H].[H] | R5=[H] | R6=[H].[H] | R8=[H].[H] | R9=[H] | R10=[H] | R11=[H] | R16=[H]C([H])[H] | R18=[H] | R20=[H] | R21=[H] | R22=[H]NC([H])([H])[H] | R23=[H] | R26=[H].[H]C([H])[H] | R28=[H].[H] | R29=[H].[H] | R31=[H] | R32=[H].[H] | R34=F | R35=[H] | R37=[H] | R38=[H]C([H])[H],CNc1ccn(-c2ccnc3c2cc([C@H](C)N2CC=C(c4c(C)cc(C(=O)N5C[C@H]6CCC[C@H](O)[C@H]6C5)cc4F)CC2)n3C)c(=O)c1,[H].[H]O,[H].[H],[H].[H],[H].[H],[H],[H].[H],,[H].[H],[H],[H],[H],[H]C([H])[H],[H],[H],[H],[H]NC([H])([H])[H],[H],[H].[H]C([H])[H],[H].[H],[H].[H],[H],[H].[H],F,[H],[H],[H]C([H])[H]
EN300-1168257_10236,-9.68662937523869,,0.44523683948524806,,R1=[H]OC([H])[H] | R2=[H].[H] | R4=[H].[H] | R5=[H]OC([H])[H] | R6=[H].[H] | R7=[H].[H] | R8=[H].[H] | R9=[H].[H] | R10=[H] | R11=[H] | R16=[H]C([H])[H] | R18=[H] | R20=[H] | R21=[H] | R22=[H]NC([H])([H])[H] | R23=[H] | R26=[H].[H]C([H])[H] | R28=[H].[H] | R29=[H].[H] | R31=[H] | R32=[H].[H] | R34=F | R35=[H] | R37=[H] | R38=[H]C([H])[H],CNc1ccn(-c2ccnc3c2cc([C@H](C)N2CC=C(c4c(C)cc(C(=O)N5C[C@]6(CO)CCCC[C@]6(CO)C5)cc4F)CC2)n3C)c(=O)c1,[H]OC([H])[H],[H].[H],,[H].[H],[H]OC([H])[H],[H].[H],[H].[H],[H].[H],[H].[H],[H],[H],[H]C([H])[H],[H],[H],[H],[H]NC([H])([H])[H],[H],[H].[H]C([H])[H],[H].[H],[H].[H],[H],[H].[H],F,[H],[H],[H]C([H])[H]
EN300-46644000_33623,-9.423266401556019,,0.41318541270364995,,R1=[H].[H]C([H])([H])O | R2=[H].[H] | R3=[H].[H] | R4=[H].[H] | R5=[H] | R6=[H].[H] | R8=[H].[H] | R9=[H] | R10=[H] | R11=[H] | R16=[H]C([H])[H] | R18=[H] | R20=[H] | R21=[H] | R22=[H]NC([H])([H])[H] | R23=[H] | R26=[H].[H]C([H])[H] | R28=[H].[H] | R29=[H].[H] | R31=[H] | R32=[H].[H] | R34=F | R35=[H] | R37=[H] | R38=[H]C([H])[H],CNc1ccn(-c2ccnc3c2cc([C@H](C)N2CC=C(c4c(C)cc(C(=O)N5C[C@H]6CCC[C@@H](OC)[C@H]6C5)cc4F)CC2)n3C)c(=O)c1,[H].[H]C([H])([H])O,[H].[H],[H].[H],[H].[H],[H],[H].[H],,[H].[H],[H],[H],[H],[H]C([H])[H],[H],[H],[H],[H]NC([H])([H])[H],[H],[H].[H]C([H])[H],[H].[H],[H].[H],[H],[H].[H],F,[H],[H],[H]C([H])[H]
EN300-26621536_26511,-9.283303171971147,,0.39615180641334125,,R1=[H].[H]C([H])[H] | R3=[H].[H]C([H])[H] | R4=[H] | R5=[H].[H] | R6=[H].[H] | R7=[H].[H] | R8=[H].[H] | R9=[H] | R10=[H] | R11=[H] | R16=[H]C([H])[H] | R18=[H] | R20=[H] | R21=[H] | R22=[H]NC([H])([H])[H] | R23=[H] | R26=[H].[H]C([H])[H] | R28=[H].[H] | R29=[H].[H] | R31=[H] | R32=[H].[H] | R34=F | R35=[H] | R37=[H] | R38=[H]C([H])[H],CNc1ccn(-c2ccnc3c2cc([C@H](C)N2CC=C(c4c(C)cc(C(=O)N5[C@H](C)[C@H]6CCCC[C@H]6[C@@H]5C)cc4F)CC2)n3C)c(=O)c1,[H].[H]C([H])[H],,[H].[H]C([H])[H],[H],[H].[H],[H].[H],[H].[H],[H].[H],[H],[H],[H],[H]C([H])[H],[H],[H],[H],[H]NC([H])([H])[H],[H],[H].[H]C([H])[H],[H].[H],[H].[H],[H],[H].[H],F,[H],[H],[H]C([H])[H]
EN300-52470715_43612,-9.25170511199254,,0.3923063041710059,,R1=[H]OC([H])[H] | R2=[H].[H] | R4=[H].[H] | R5=[H]OC([H])[H] | R6=[H].[H] | R7=[H].[H] | R8=[H].[H] | R9=[H].[H] | R10=[H] | R11=[H] | R16=[H]C([H])[H] | R18=[H] | R20=[H] | R21=[H] | R22=[H]NC([H])([H])[H] | R23=[H] | R26=[H].[H]C([H])[H] | R28=[H].[H] | R29=[H].[H] | R31=[H] | R32=[H].[H] | R34=F | R35=[H] | R37=[H] | R38=[H]C([H])[H],CNc1ccn(-c2ccnc3c2cc([C@H](C)N2CC=C(c4c(C)cc(C(=O)N5C[C@@]6(CO)CCCC[C@]6(CO)C5)cc4F)CC2)n3C)c(=O)c1,[H]OC([H])[H],[H].[H],,[H].[H],[H]OC([H])[H],[H].[H],[H].[H],[H].[H],[H].[H],[H],[H],[H]C([H])[H],[H],[H],[H],[H]NC([H])([H])[H],[H],[H].[H]C([H])[H],[H].[H],[H].[H],[H],[H].[H],F,[H],[H],[H]C([H])[H]
EN300-1692608_18411,-8.969396212575838,,0.35794914722930704,,R1=[H].[H]O | R2=[H].[H] | R3=[H].[H] | R4=[H].[H] | R5=[H] | R6=[H].[H] | R8=[H].[H] | R9=[H] | R10=[H] | R11=[H] | R16=[H]C([H])[H] | R18=[H] | R20=[H] | R21=[H] | R22=[H]NC([H])([H])[H] | R23=[H] | R26=[H].[H]C([H])[H] | R28=[H].[H] | R29=[H].[H] | R31=[H] | R32=[H].[H] | R34=F | R35=[H] | R37=[H] | R38=[H]C([H])[H],CNc1ccn(-c2ccnc3c2cc([C@H](C)N2CC=C(c4c(C)cc(C(=O)N5C[C@H]6CCC[C@@H](O)[C@H]6C5)cc4F)CC2)n3C)c(=O)c1,[H].[H]O,[H].[H],[H].[H],[H].[H],[H],[H].[H],,[H].[H],[H],[H],[H],[H]C([H])[H],[H],[H],[H],[H]NC([H])([H])[H],[H],[H].[H]C([H])[H],[H].[H],[H].[H],[H],[H].[H],F,[H],[H],[H]C([H])[H]
EN300-7544061_17760,-8.89921379125733,,0.3494079058133599,,R1=F.F | R2=[H].[H] | R3=[H].[H] | R4=[H].[H] | R5=[H] | R6=[H].[H] | R8=[H].[H] | R9=[H] | R10=[H] | R11=[H] | R16=[H]C([H])[H] | R18=[H] | R20=[H] | R21=[H] | R22=[H]NC([H])([H])[H] | R23=[H] | R26=[H].[H]C([H])[H] | R28=[H].[H] | R29=[H].[H] | R31=[H] | R32=[H].[H] | R34=F | R35=[H] | R37=[H] | R38=[H]C([H])[H],CNc1ccn(-c2ccnc3c2cc([C@H](C)N2CC=C(c4c(C)cc(C(=O)N5C[C@H]6CCCC(F)(F)[C@@H]6C5)cc4F)CC2)n3C)c(=O)c1,F.F,[H].[H],[H].[H],[H].[H],[H],[H].[H],,[H].[H],[H],[H],[H],[H]C([H])[H],[H],[H],[H],[H]NC([H])([H])[H],[H],[H].[H]C([H])[H],[H].[H],[H].[H],[H],[H].[H],F,[H],[H],[H]C([H])[H]
EN300-861924_22959,-8.41891142013818,,0.2909548284286009,,R1=[H].[H][N+](C([H])([H])[H])C([H])([H])[H] | R2=[H].[H] | R3=[H].[H] | R4=[H] | R5=[H].[H] | R7=[H].[H] | R8=[H] | R9=[H].[H] | R10=[H] | R11=[H] | R16=[H]C([H])[H] | R18=[H] | R20=[H] | R21=[H] | R22=[H]NC([H])([H])[H] | R23=[H] | R26=[H].[H]C([H])[H] | R28=[H].[H] | R29=[H].[H] | R31=[H] | R32=[H].[H] | R34=F | R35=[H] | R37=[H] | R38=[H]C([H])[H],CNc1ccn(-c2ccnc3c2cc([C@H](C)N2CC=C(c4c(C)cc(C(=O)N5C[C@H]6CC[C@@H]([NH+](C)C)C[C@@H]6C5)cc4F)CC2)n3C)c(=O)c1,[H].[H][N+](C([H])([H])[H])C([H])([H])[H],[H].[H],[H].[H],[H],[H].[H],,[H].[H],[H],[H].[H],[H],[H],[H]C([H])[H],[H],[H],[H],[H]NC([H])([H])[H],[H],[H].[H]C([H])[H],[H].[H],[H].[H],[H],[H].[H],F,[H],[H],[H]C([H])[H]
EN300-26621536_26510,-7.955329203801595,,0.2345366035870703,,R1=[H].[H]C([H])[H] | R3=[H].[H]C([H])[H] | R4=[H] | R5=[H].[H] | R6=[H].[H] | R7=[H].[H] | R8=[H].[H] | R9=[H] | R10=[H] | R11=[H] | R16=[H]C([H])[H] | R18=[H] | R20=[H] | R21=[H] | R22=[H]NC([H])([H])[H] | R23=[H] | R26=[H].[H]C([H])[H] | R28=[H].[H] | R29=[H].[H] | R31=[H] | R32=[H].[H] | R34=F | R35=[H] | R37=[H] | R38=[H]C([H])[H],CNc1ccn(-c2ccnc3c2cc([C@H](C)N2CC=C(c4c(C)cc(C(=O)N5[C@H](C)[C@@H]6CCCC[C@@H]6[C@H]5C)cc4F)CC2)n3C)c(=O)c1,[H].[H]C([H])[H],,[H].[H]C([H])[H],[H],[H].[H],[H].[H],[H].[H],[H].[H],[H],[H],[H],[H]C([H])[H],[H],[H],[H],[H]NC([H])([H])[H],[H],[H].[H]C([H])[H],[H].[H],[H].[H],[H],[H].[H],F,[H],[H],[H]C([H])[H]
EN300-1692608_18414,-7.450381819050442,,0.17308421373665928,,R1=[H].[H]O | R2=[H].[H] | R3=[H].[H] | R4=[H].[H] | R5=[H] | R6=[H].[H] | R8=[H].[H] | R9=[H] | R10=[H] | R11=[H] | R16=[H]C([H])[H] | R18=[H] | R20=[H] | R21=[H] | R22=[H]NC([H])([H])[H] | R23=[H] | R26=[H].[H]C([H])[H] | R28=[H].[H] | R29=[H].[H] | R31=[H] | R32=[H].[H] | R34=F | R35=[H] | R37=[H] | R38=[H]C([H])[H],CNc1ccn(-c2ccnc3c2cc([C@H](C)N2CC=C(c4c(C)cc(C(=O)N5C[C@@H]6CCC[C@H](O)[C@@H]6C5)cc4F)CC2)n3C)c(=O)c1,[H].[H]O,[H].[H],[H].[H],[H].[H],[H],[H].[H],,[H].[H],[H],[H],[H],[H]C([H])[H],[H],[H],[H],[H]NC([H])([H])[H],[H],[H].[H]C([H])[H],[H].[H],[H].[H],[H],[H].[H],F,[H],[H],[H]C([H])[H]
EN300-7134674_23799,-7.2584919895270446,,0.14973111009000484,,R1=[H].[H]C([H])[H] | R3=[H].[H] | R4=[H] | R5=[H].[H] | R6=[H].[H] | R7=[H].[H] | R8=[H].[H] | R9=[H] | R10=[H] | R11=[H] | R16=[H]C([H])[H] | R18=[H] | R20=[H] | R21=[H] | R22=[H]NC([H])([H])[H] | R23=[H] | R26=[H].[H]C([H])[H] | R28=[H].[H] | R29=[H].[H] | R31=[H] | R32=[H].[H] | R34=F | R35=[H] | R37=[H] | R38=[H]C([H])[H],CNc1ccn(-c2ccnc3c2cc([C@H](C)N2CC=C(c4c(C)cc(C(=O)N5C[C@@H]6CCCC[C@@H]6[C@H]5C)cc4F)CC2)n3C)c(=O)c1,[H].[H]C([H])[H],,[H].[H],[H],[H].[H],[H].[H],[H].[H],[H].[H],[H],[H],[H],[H]C([H])[H],[H],[H],[H],[H]NC([H])([H])[H],[H],[H].[H]C([H])[H],[H].[H],[H].[H],[H],[H].[H],F,[H],[H],[H]C([H])[H]
EN300-52473565_41856,-7.0396963060883415,,0.1231035484027837,,R1=[H].[H]O | R2=[H].[H] | R3=[H].[H] | R4=[H].[H] | R5=[H] | R6=[H].[H] | R8=[H].[H] | R9=F | R10=[H] | R11=[H] | R16=[H]C([H])[H] | R18=[H] | R20=[H] | R21=[H] | R22=[H]NC([H])([H])[H] | R23=[H] | R26=[H].[H]C([H])[H] | R28=[H].[H] | R29=[H].[H] | R31=[H] | R32=[H].[H] | R34=F | R35=[H] | R37=[H] | R38=[H]C([H])[H],CNc1ccn(-c2ccnc3c2cc([C@H](C)N2CC=C(c4c(C)cc(C(=O)N5C[C@H]6CCC[C@@H](O)[C@]6(F)C5)cc4F)CC2)n3C)c(=O)c1,[H].[H]O,[H].[H],[H].[H],[H].[H],[H],[H].[H],,[H].[H],F,[H],[H],[H]C([H])[H],[H],[H],[H],[H]NC([H])([H])[H],[H],[H].[H]C([H])[H],[H].[H],[H].[H],[H],[H].[H],F,[H],[H],[H]C([H])[H]
EN300-6488083_14692,-6.681554953843012,,0.07951753793046568,,R1=FC(F)F | R2=[H].[H] | R4=[H].[H] | R5=[H] | R6=[H].[H] | R7=[H].[H] | R8=[H].[H] | R9=[H].[H] | R10=[H] | R11=[H] | R16=[H]C([H])[H] | R18=[H] | R20=[H] | R21=[H] | R22=[H]NC([H])([H])[H] | R23=[H] | R26=[H].[H]C([H])[H] | R28=[H].[H] | R29=[H].[H] | R31=[H] | R32=[H].[H] | R34=F | R35=[H] | R37=[H] | R38=[H]C([H])[H],CNc1ccn(-c2ccnc3c2cc([C@H](C)N2CC=C(c4c(C)cc(C(=O)N5C[C@@H]6CCCC[C@@]6(C(F)(F)F)C5)cc4F)CC2)n3C)c(=O)c1,FC(F)F,[H].[H],,[H].[H],[H],[H].[H],[H].[H],[H].[H],[H].[H],[H],[H],[H]C([H])[H],[H],[H],[H],[H]NC([H])([H])[H],[H],[H].[H]C([H])[H],[H].[H],[H].[H],[H],[H].[H],F,[H],[H],[H]C([H])[H]
