mol_id,score,interaction_count,priority_score,cluster_id,substitution_signature,smiles,R1,R2,R3,R4,R5,R6,R7,R8,R9,R10,R11,R12,R17,R19,R21,R22,R23,R24,R27,R29,R30,R32,R33,R35,R36,R38,R39
LN04659888_1451,-12.578423514910611,,0.7971698649940948,,R1=FC(F)F | R2=[H] | R3=[H] | R7=[H].[H] | R8=[H].[H] | R10=[H].[H] | R11=[H] | R12=[H] | R17=[H]C([H])[H] | R19=[H] | R21=[H] | R22=[H] | R23=[H]NC([H])([H])[H] | R24=[H] | R27=[H].[H]C([H])[H] | R29=[H].[H] | R30=[H].[H] | R32=[H] | R33=[H].[H] | R35=F | R36=[H] | R38=[H] | R39=[H]C([H])[H],CNc1ccn(-c2ccnc3c2cc([C@H](C)N2CC=C(c4c(C)cc(C(=O)N5CCc6ncc(C(F)(F)F)cc6C5)cc4F)CC2)n3C)c(=O)c1,FC(F)F,[H],[H],,,,[H].[H],[H].[H],,[H].[H],[H],[H],[H]C([H])[H],[H],[H],[H],[H]NC([H])([H])[H],[H],[H].[H]C([H])[H],[H].[H],[H].[H],[H],[H].[H],F,[H],[H],[H]C([H])[H]
EN300-19057330_48216,-12.110713365998816,,0.7402492683618614,,R1=[H]C([H])[H] | R2=[H] | R5=[H].[H] | R6=[H].[H] | R8=[H].[H] | R10=[H] | R11=[H] | R12=[H] | R17=[H]C([H])[H] | R19=[H] | R21=[H] | R22=[H] | R23=[H]NC([H])([H])[H] | R24=[H] | R27=[H].[H]C([H])[H] | R29=[H].[H] | R30=[H].[H] | R32=[H] | R33=[H].[H] | R35=F | R36=[H] | R38=[H] | R39=[H]C([H])[H],CNc1ccn(-c2ccnc3c2cc([C@H](C)N2CC=C(c4c(C)cc(C(=O)N5CCc6ncc(C)cc6C5)cc4F)CC2)n3C)c(=O)c1,[H]C([H])[H],[H],,,[H].[H],[H].[H],,[H].[H],,[H],[H],[H],[H]C([H])[H],[H],[H],[H],[H]NC([H])([H])[H],[H],[H].[H]C([H])[H],[H].[H],[H].[H],[H],[H].[H],F,[H],[H],[H]C([H])[H]
LN00229417_2661,-12.069057884045332,,0.7351797720267657,,R3=[H] | R5=[H].[H] | R6=[H] | R7=[H] | R8=[H].[H] | R9=[H].[H] | R11=[H] | R12=[H] | R17=[H]C([H])[H] | R19=[H] | R21=[H] | R22=[H] | R23=[H]NC([H])([H])[H] | R24=[H] | R27=[H].[H]C([H])[H] | R29=[H].[H] | R30=[H].[H] | R32=[H] | R33=[H].[H] | R35=F | R36=[H] | R38=[H] | R39=[H]C([H])[H],CNc1ccn(-c2ccnc3c2cc([C@H](C)N2CC=C(c4c(C)cc(C(=O)N5CCc6ncccc6C5)cc4F)CC2)n3C)c(=O)c1,,,[H],,[H].[H],[H],[H],[H].[H],[H].[H],,[H],[H],[H]C([H])[H],[H],[H],[H],[H]NC([H])([H])[H],[H],[H].[H]C([H])[H],[H].[H],[H].[H],[H],[H].[H],F,[H],[H],[H]C([H])[H]
EN300-9342232_27956,-12.060217232991741,,0.7341038596614715,,R1=FC(F)F | R2=[H] | R3=[H] | R5=[H].[H] | R7=[H].[H] | R8=[H].[H] | R11=[H] | R12=[H] | R17=[H]C([H])[H] | R19=[H] | R21=[H] | R22=[H] | R23=[H]NC([H])([H])[H] | R24=[H] | R27=[H].[H]C([H])[H] | R29=[H].[H] | R30=[H].[H] | R32=[H] | R33=[H].[H] | R35=F | R36=[H] | R38=[H] | R39=[H]C([H])[H],CNc1ccn(-c2ccnc3c2cc([C@H](C)N2CC=C(c4c(C)cc(C(=O)N5CCc6nc(C(F)(F)F)ccc6C5)cc4F)CC2)n3C)c(=O)c1,FC(F)F,[H],[H],,[H].[H],,[H].[H],[H].[H],,,[H],[H],[H]C([H])[H],[H],[H],[H],[H]NC([H])([H])[H],[H],[H].[H]C([H])[H],[H].[H],[H].[H],[H],[H].[H],F,[H],[H],[H]C([H])[H]
EN300-52561746_43694,-11.98170773007593,,0.7245492075811919,,R1=[H].[H]C([H])[H] | R2=[H].[H] | R4=[H].[H] | R6=[H] | R7=Br | R8=[H] | R11=[H] | R12=[H] | R17=[H]C([H])[H] | R19=[H] | R21=[H] | R22=[H] | R23=[H]NC([H])([H])[H] | R24=[H] | R27=[H].[H]C([H])[H] | R29=[H].[H] | R30=[H].[H] | R32=[H] | R33=[H].[H] | R35=F | R36=[H] | R38=[H] | R39=[H]C([H])[H],CNc1ccn(-c2ccnc3c2cc([C@H](C)N2CC=C(c4c(C)cc(C(=O)N5Cc6cc(Br)cnc6[C@H](C)C5)cc4F)CC2)n3C)c(=O)c1,[H].[H]C([H])[H],[H].[H],,[H].[H],,[H],Br,[H],,,[H],[H],[H]C([H])[H],[H],[H],[H],[H]NC([H])([H])[H],[H],[H].[H]C([H])[H],[H].[H],[H].[H],[H],[H].[H],F,[H],[H],[H]C([H])[H]
EN300-261815_7320,-11.95261084356064,,0.7210080996012942,,R1=Br | R2=[H] | R3=[H] | R6=[H].[H] | R7=[H].[H] | R9=[H].[H] | R11=[H] | R12=[H] | R17=[H]C([H])[H] | R19=[H] | R21=[H] | R22=[H] | R23=[H]NC([H])([H])[H] | R24=[H] | R27=[H].[H]C([H])[H] | R29=[H].[H] | R30=[H].[H] | R32=[H] | R33=[H].[H] | R35=F | R36=[H] | R38=[H] | R39=[H]C([H])[H],CNc1ccn(-c2ccnc3c2cc([C@H](C)N2CC=C(c4c(C)cc(C(=O)N5CCc6nccc(Br)c6C5)cc4F)CC2)n3C)c(=O)c1,Br,[H],[H],,,[H].[H],[H].[H],,[H].[H],,[H],[H],[H]C([H])[H],[H],[H],[H],[H]NC([H])([H])[H],[H],[H].[H]C([H])[H],[H].[H],[H].[H],[H],[H].[H],F,[H],[H],[H]C([H])[H]
LN00169443_1581,-11.932775736470052,,0.7185941555539235,,R1=Br | R2=[H] | R3=[H] | R7=[H].[H] | R8=[H].[H] | R10=[H].[H] | R11=[H] | R12=[H] | R17=[H]C([H])[H] | R19=[H] | R21=[H] | R22=[H] | R23=[H]NC([H])([H])[H] | R24=[H] | R27=[H].[H]C([H])[H] | R29=[H].[H] | R30=[H].[H] | R32=[H] | R33=[H].[H] | R35=F | R36=[H] | R38=[H] | R39=[H]C([H])[H],CNc1ccn(-c2ccnc3c2cc([C@H](C)N2CC=C(c4c(C)cc(C(=O)N5CCc6ncc(Br)cc6C5)cc4F)CC2)n3C)c(=O)c1,Br,[H],[H],,,,[H].[H],[H].[H],,[H].[H],[H],[H],[H]C([H])[H],[H],[H],[H],[H]NC([H])([H])[H],[H],[H].[H]C([H])[H],[H].[H],[H].[H],[H],[H].[H],F,[H],[H],[H]C([H])[H]
EN300-2960189_40493,-11.814057904970769,,0.7041461265437627,,R1=[H].[H]C([H])[H] | R3=[H].[H] | R4=[H].[H] | R7=[H] | R8=[H] | R9=[H] | R11=[H] | R12=[H] | R17=[H]C([H])[H] | R19=[H] | R21=[H] | R22=[H] | R23=[H]NC([H])([H])[H] | R24=[H] | R27=[H].[H]C([H])[H] | R29=[H].[H] | R30=[H].[H] | R32=[H] | R33=[H].[H] | R35=F | R36=[H] | R38=[H] | R39=[H]C([H])[H],CNc1ccn(-c2ccnc3c2cc([C@H](C)N2CC=C(c4c(C)cc(C(=O)N5CCc6ncccc6[C@H]5C)cc4F)CC2)n3C)c(=O)c1,[H].[H]C([H])[H],,[H].[H],[H].[H],,,[H],[H],[H],,[H],[H],[H]C([H])[H],[H],[H],[H],[H]NC([H])([H])[H],[H],[H].[H]C([H])[H],[H].[H],[H].[H],[H],[H].[H],F,[H],[H],[H]C([H])[H]
EN300-33041276_27913,-11.811002778119128,,0.7037743158323915,,R1=Cl | R2=[H] | R3=Cl | R5=[H].[H] | R7=[H].[H] | R8=[H].[H] | R11=[H] | R12=[H] | R17=[H]C([H])[H] | R19=[H] | R21=[H] | R22=[H] | R23=[H]NC([H])([H])[H] | R24=[H] | R27=[H].[H]C([H])[H] | R29=[H].[H] | R30=[H].[H] | R32=[H] | R33=[H].[H] | R35=F | R36=[H] | R38=[H] | R39=[H]C([H])[H],CNc1ccn(-c2ccnc3c2cc([C@H](C)N2CC=C(c4c(C)cc(C(=O)N5CCc6nc(Cl)cc(Cl)c6C5)cc4F)CC2)n3C)c(=O)c1,Cl,[H],Cl,,[H].[H],,[H].[H],[H].[H],,,[H],[H],[H]C([H])[H],[H],[H],[H],[H]NC([H])([H])[H],[H],[H].[H]C([H])[H],[H].[H],[H].[H],[H],[H].[H],F,[H],[H],[H]C([H])[H]
EN300-1718669_19264,-11.706907155254344,,0.6911058181013643,,R1=C#N | R2=[H] | R4=[H].[H] | R6=[H].[H] | R7=[H].[H] | R10=Cl | R11=[H] | R12=[H] | R17=[H]C([H])[H] | R19=[H] | R21=[H] | R22=[H] | R23=[H]NC([H])([H])[H] | R24=[H] | R27=[H].[H]C([H])[H] | R29=[H].[H] | R30=[H].[H] | R32=[H] | R33=[H].[H] | R35=F | R36=[H] | R38=[H] | R39=[H]C([H])[H],CNc1ccn(-c2ccnc3c2cc([C@H](C)N2CC=C(c4c(C)cc(C(=O)N5CCc6nc(Cl)c(C#N)cc6C5)cc4F)CC2)n3C)c(=O)c1,C#N,[H],,[H].[H],,[H].[H],[H].[H],,,Cl,[H],[H],[H]C([H])[H],[H],[H],[H],[H]NC([H])([H])[H],[H],[H].[H]C([H])[H],[H].[H],[H].[H],[H],[H].[H],F,[H],[H],[H]C([H])[H]
EN300-26233944_48705,-11.657844839900747,,0.6851349058417455,,R1=[H]OC([H])[H] | R2=[H] | R5=[H].[H] | R6=[H].[H] | R8=[H].[H] | R10=[H] | R11=[H] | R12=[H] | R17=[H]C([H])[H] | R19=[H] | R21=[H] | R22=[H] | R23=[H]NC([H])([H])[H] | R24=[H] | R27=[H].[H]C([H])[H] | R29=[H].[H] | R30=[H].[H] | R32=[H] | R33=[H].[H] | R35=F | R36=[H] | R38=[H] | R39=[H]C([H])[H],CNc1ccn(-c2ccnc3c2cc([C@H](C)N2CC=C(c4c(C)cc(C(=O)N5CCc6ncc(CO)cc6C5)cc4F)CC2)n3C)c(=O)c1,[H]OC([H])[H],[H],,,[H].[H],[H].[H],,[H].[H],,[H],[H],[H],[H]C([H])[H],[H],[H],[H],[H]NC([H])([H])[H],[H],[H].[H]C([H])[H],[H].[H],[H].[H],[H],[H].[H],F,[H],[H],[H]C([H])[H]
LN00168989_4015,-11.57475834575691,,0.6750232312720331,,R1=Cl | R3=[H] | R5=[H] | R7=[H].[H] | R8=[H].[H] | R9=[H].[H] | R11=[H] | R12=[H] | R17=[H]C([H])[H] | R19=[H] | R21=[H] | R22=[H] | R23=[H]NC([H])([H])[H] | R24=[H] | R27=[H].[H]C([H])[H] | R29=[H].[H] | R30=[H].[H] | R32=[H] | R33=[H].[H] | R35=F | R36=[H] | R38=[H] | R39=[H]C([H])[H],CNc1ccn(-c2ccnc3c2cc([C@H](C)N2CC=C(c4c(C)cc(C(=O)N5CCc6nc(Cl)ccc6C5)cc4F)CC2)n3C)c(=O)c1,Cl,,[H],,[H],,[H].[H],[H].[H],[H].[H],,[H],[H],[H]C([H])[H],[H],[H],[H],[H]NC([H])([H])[H],[H],[H].[H]C([H])[H],[H].[H],[H].[H],[H],[H].[H],F,[H],[H],[H]C([H])[H]
EN300-20868487_10711,-11.553640718596306,,0.6724532037876277,,R1=[H]C([H])[H] | R2=[H] | R3=[H] | R5=[H].[H] | R7=[H].[H] | R8=[H].[H] | R11=[H] | R12=[H] | R17=[H]C([H])[H] | R19=[H] | R21=[H] | R22=[H] | R23=[H]NC([H])([H])[H] | R24=[H] | R27=[H].[H]C([H])[H] | R29=[H].[H] | R30=[H].[H] | R32=[H] | R33=[H].[H] | R35=F | R36=[H] | R38=[H] | R39=[H]C([H])[H],CNc1ccn(-c2ccnc3c2cc([C@H](C)N2CC=C(c4c(C)cc(C(=O)N5CCc6nc(C)ccc6C5)cc4F)CC2)n3C)c(=O)c1,[H]C([H])[H],[H],[H],,[H].[H],,[H].[H],[H].[H],,,[H],[H],[H]C([H])[H],[H],[H],[H],[H]NC([H])([H])[H],[H],[H].[H]C([H])[H],[H].[H],[H].[H],[H],[H].[H],F,[H],[H],[H]C([H])[H]
EN300-2960189_40494,-11.505663164419738,,0.6666143075929667,,R1=[H].[H]C([H])[H] | R3=[H].[H] | R4=[H].[H] | R7=[H] | R8=[H] | R9=[H] | R11=[H] | R12=[H] | R17=[H]C([H])[H] | R19=[H] | R21=[H] | R22=[H] | R23=[H]NC([H])([H])[H] | R24=[H] | R27=[H].[H]C([H])[H] | R29=[H].[H] | R30=[H].[H] | R32=[H] | R33=[H].[H] | R35=F | R36=[H] | R38=[H] | R39=[H]C([H])[H],CNc1ccn(-c2ccnc3c2cc([C@H](C)N2CC=C(c4c(C)cc(C(=O)N5CCc6ncccc6[C@@H]5C)cc4F)CC2)n3C)c(=O)c1,[H].[H]C([H])[H],,[H].[H],[H].[H],,,[H],[H],[H],,[H],[H],[H]C([H])[H],[H],[H],[H],[H]NC([H])([H])[H],[H],[H].[H]C([H])[H],[H].[H],[H].[H],[H],[H].[H],F,[H],[H],[H]C([H])[H]
LN01344000_1265,-11.411445732740688,,0.6551479914636162,,R1=Cl | R2=[H] | R3=[H] | R7=[H].[H] | R8=[H].[H] | R10=[H].[H] | R11=[H] | R12=[H] | R17=[H]C([H])[H] | R19=[H] | R21=[H] | R22=[H] | R23=[H]NC([H])([H])[H] | R24=[H] | R27=[H].[H]C([H])[H] | R29=[H].[H] | R30=[H].[H] | R32=[H] | R33=[H].[H] | R35=F | R36=[H] | R38=[H] | R39=[H]C([H])[H],CNc1ccn(-c2ccnc3c2cc([C@H](C)N2CC=C(c4c(C)cc(C(=O)N5CCc6ncc(Cl)cc6C5)cc4F)CC2)n3C)c(=O)c1,Cl,[H],[H],,,,[H].[H],[H].[H],,[H].[H],[H],[H],[H]C([H])[H],[H],[H],[H],[H]NC([H])([H])[H],[H],[H].[H]C([H])[H],[H].[H],[H].[H],[H],[H].[H],F,[H],[H],[H]C([H])[H]
LN01796673_4971,-11.402821576712743,,0.6540984266686203,,R1=[H]C([H])([H])O | R3=[H] | R5=[H] | R7=[H].[H] | R8=[H].[H] | R9=[H].[H] | R11=[H] | R12=[H] | R17=[H]C([H])[H] | R19=[H] | R21=[H] | R22=[H] | R23=[H]NC([H])([H])[H] | R24=[H] | R27=[H].[H]C([H])[H] | R29=[H].[H] | R30=[H].[H] | R32=[H] | R33=[H].[H] | R35=F | R36=[H] | R38=[H] | R39=[H]C([H])[H],CNc1ccn(-c2ccnc3c2cc([C@H](C)N2CC=C(c4c(C)cc(C(=O)N5CCc6nc(OC)ccc6C5)cc4F)CC2)n3C)c(=O)c1,[H]C([H])([H])O,,[H],,[H],,[H].[H],[H].[H],[H].[H],,[H],[H],[H]C([H])[H],[H],[H],[H],[H]NC([H])([H])[H],[H],[H].[H]C([H])[H],[H].[H],[H].[H],[H],[H].[H],F,[H],[H],[H]C([H])[H]
EN300-2960190_30882,-11.381444035500742,,0.6514967674932777,,R1=[H].[H]C([H])[H] | R2=[H].[H] | R5=[H] | R6=[H] | R7=[H] | R9=[H].[H] | R11=[H] | R12=[H] | R17=[H]C([H])[H] | R19=[H] | R21=[H] | R22=[H] | R23=[H]NC([H])([H])[H] | R24=[H] | R27=[H].[H]C([H])[H] | R29=[H].[H] | R30=[H].[H] | R32=[H] | R33=[H].[H] | R35=F | R36=[H] | R38=[H] | R39=[H]C([H])[H],CNc1ccn(-c2ccnc3c2cc([C@H](C)N2CC=C(c4c(C)cc(C(=O)N5Cc6cccnc6C[C@@H]5C)cc4F)CC2)n3C)c(=O)c1,[H].[H]C([H])[H],[H].[H],,,[H],[H],[H],,[H].[H],,[H],[H],[H]C([H])[H],[H],[H],[H],[H]NC([H])([H])[H],[H],[H].[H]C([H])[H],[H].[H],[H].[H],[H],[H].[H],F,[H],[H],[H]C([H])[H]
EN300-2960190_30881,-10.909422376327433,,0.5940514575593503,,R1=[H].[H]C([H])[H] | R2=[H].[H] | R5=[H] | R6=[H] | R7=[H] | R9=[H].[H] | R11=[H] | R12=[H] | R17=[H]C([H])[H] | R19=[H] | R21=[H] | R22=[H] | R23=[H]NC([H])([H])[H] | R24=[H] | R27=[H].[H]C([H])[H] | R29=[H].[H] | R30=[H].[H] | R32=[H] | R33=[H].[H] | R35=F | R36=[H] | R38=[H] | R39=[H]C([H])[H],CNc1ccn(-c2ccnc3c2cc([C@H](C)N2CC=C(c4c(C)cc(C(=O)N5Cc6cccnc6C[C@H]5C)cc4F)CC2)n3C)c(=O)c1,[H].[H]C([H])[H],[H].[H],,,[H],[H],[H],,[H].[H],,[H],[H],[H]C([H])[H],[H],[H],[H],[H]NC([H])([H])[H],[H],[H].[H]C([H])[H],[H].[H],[H].[H],[H],[H].[H],F,[H],[H],[H]C([H])[H]
LN05442222_6825,-10.609950698621088,,0.5576055805366652,,R1=C#N | R2=[H] | R3=[H] | R7=[H].[H] | R8=[H].[H] | R10=[H].[H] | R11=[H] | R12=[H] | R17=[H]C([H])[H] | R19=[H] | R21=[H] | R22=[H] | R23=[H]NC([H])([H])[H] | R24=[H] | R27=[H].[H]C([H])[H] | R29=[H].[H] | R30=[H].[H] | R32=[H] | R33=[H].[H] | R35=F | R36=[H] | R38=[H] | R39=[H]C([H])[H],CNc1ccn(-c2ccnc3c2cc([C@H](C)N2CC=C(c4c(C)cc(C(=O)N5CCc6ncc(C#N)cc6C5)cc4F)CC2)n3C)c(=O)c1,C#N,[H],[H],,,,[H].[H],[H].[H],,[H].[H],[H],[H],[H]C([H])[H],[H],[H],[H],[H]NC([H])([H])[H],[H],[H].[H]C([H])[H],[H].[H],[H].[H],[H],[H].[H],F,[H],[H],[H]C([H])[H]
EN300-45412060_32536,-9.700492167355192,,0.4469239493332936,,R1=C#N | R2=[H] | R3=[H] | R5=[H].[H] | R7=[H].[H] | R8=[H].[H] | R11=[H] | R12=[H] | R17=[H]C([H])[H] | R19=[H] | R21=[H] | R22=[H] | R23=[H]NC([H])([H])[H] | R24=[H] | R27=[H].[H]C([H])[H] | R29=[H].[H] | R30=[H].[H] | R32=[H] | R33=[H].[H] | R35=F | R36=[H] | R38=[H] | R39=[H]C([H])[H],CNc1ccn(-c2ccnc3c2cc([C@H](C)N2CC=C(c4c(C)cc(C(=O)N5CCc6nc(C#N)ccc6C5)cc4F)CC2)n3C)c(=O)c1,C#N,[H],[H],,[H].[H],,[H].[H],[H].[H],,,[H],[H],[H]C([H])[H],[H],[H],[H],[H]NC([H])([H])[H],[H],[H].[H]C([H])[H],[H].[H],[H].[H],[H],[H].[H],F,[H],[H],[H]C([H])[H]
