mol_id,score,interaction_count,priority_score,cluster_id,substitution_signature,smiles,R1,R2,R3,R5,R6,R7,R8,R9,R10,R11,R16,R18,R20,R21,R22,R23,R26,R28,R29,R31,R32,R34,R35,R37,R38
EN300-1118999_16907,-12.905299503451864,,0.8369508625538208,,R1=[H].[H]C([H])([H])C(C([H])([H])[H])C([H])([H])[H] | R2=[H].[H] | R3=[H].[H] | R6=[H] | R7=[H] | R10=[H] | R11=[H] | R16=[H]C([H])[H] | R18=[H] | R20=[H] | R21=[H] | R22=[H]NC([H])([H])[H] | R23=[H] | R26=[H].[H]C([H])[H] | R28=[H].[H] | R29=[H].[H] | R31=[H] | R32=[H].[H] | R34=F | R35=[H] | R37=[H] | R38=[H]C([H])[H],CNc1ccn(-c2ccnc3c2cc([C@H](C)N2CC=C(c4c(C)cc(C(=O)N5CC[C@H](C(C)(C)C)n6nccc65)cc4F)CC2)n3C)c(=O)c1,[H].[H]C([H])([H])C(C([H])([H])[H])C([H])([H])[H],[H].[H],[H].[H],,[H],[H],,,[H],[H],[H]C([H])[H],[H],[H],[H],[H]NC([H])([H])[H],[H],[H].[H]C([H])[H],[H].[H],[H].[H],[H],[H].[H],F,[H],[H],[H]C([H])[H]
EN300-374358_38307,-12.070030600422442,,0.73529815217453,,R1=[H].[H]C([H])[H] | R2=[H].[H] | R5=[H] | R6=[H] | R9=[H].[H] | R10=[H] | R11=[H] | R16=[H]C([H])[H] | R18=[H] | R20=[H] | R21=[H] | R22=[H]NC([H])([H])[H] | R23=[H] | R26=[H].[H]C([H])[H] | R28=[H].[H] | R29=[H].[H] | R31=[H] | R32=[H].[H] | R34=F | R35=[H] | R37=[H] | R38=[H]C([H])[H],CNc1ccn(-c2ccnc3c2cc([C@H](C)N2CC=C(c4c(C)cc(C(=O)N5C[C@H](C)Cn6nccc65)cc4F)CC2)n3C)c(=O)c1,[H].[H]C([H])[H],[H].[H],,[H],[H],,,[H].[H],[H],[H],[H]C([H])[H],[H],[H],[H],[H]NC([H])([H])[H],[H],[H].[H]C([H])[H],[H].[H],[H].[H],[H],[H].[H],F,[H],[H],[H]C([H])[H]
EN300-229416_5810,-11.837533349449004,,0.7070031017644566,,R1=FC(F)F.[H] | R2=[H].[H] | R3=[H].[H] | R6=[H] | R7=[H] | R10=[H] | R11=[H] | R16=[H]C([H])[H] | R18=[H] | R20=[H] | R21=[H] | R22=[H]NC([H])([H])[H] | R23=[H] | R26=[H].[H]C([H])[H] | R28=[H].[H] | R29=[H].[H] | R31=[H] | R32=[H].[H] | R34=F | R35=[H] | R37=[H] | R38=[H]C([H])[H],CNc1ccn(-c2ccnc3c2cc([C@H](C)N2CC=C(c4c(C)cc(C(=O)N5CC[C@@H](C(F)(F)F)n6nccc65)cc4F)CC2)n3C)c(=O)c1,FC(F)F.[H],[H].[H],[H].[H],,[H],[H],,,[H],[H],[H]C([H])[H],[H],[H],[H],[H]NC([H])([H])[H],[H],[H].[H]C([H])[H],[H].[H],[H].[H],[H],[H].[H],F,[H],[H],[H]C([H])[H]
EN300-27636_237,-11.834908488918884,,0.7066836547141875,,R1=[H]C([H])[H] | R2=[H] | R5=[H].[H] | R6=[H].[H] | R7=FC(F)F.[H] | R10=[H] | R11=[H] | R16=[H]C([H])[H] | R18=[H] | R20=[H] | R21=[H] | R22=[H]NC([H])([H])[H] | R23=[H] | R26=[H].[H]C([H])[H] | R28=[H].[H] | R29=[H].[H] | R31=[H] | R32=[H].[H] | R34=F | R35=[H] | R37=[H] | R38=[H]C([H])[H],CNc1ccn(-c2ccnc3c2cc([C@H](C)N2CC=C(c4c(C)cc(C(=O)N5CC[C@@H](C(F)(F)F)n6nc(C)cc65)cc4F)CC2)n3C)c(=O)c1,[H]C([H])[H],[H],,[H].[H],[H].[H],FC(F)F.[H],,,[H],[H],[H]C([H])[H],[H],[H],[H],[H]NC([H])([H])[H],[H],[H].[H]C([H])[H],[H].[H],[H].[H],[H],[H].[H],F,[H],[H],[H]C([H])[H]
EN300-1118999_16908,-11.376698186009921,,0.6509191948552393,,R1=[H].[H]C([H])([H])C(C([H])([H])[H])C([H])([H])[H] | R2=[H].[H] | R3=[H].[H] | R6=[H] | R7=[H] | R10=[H] | R11=[H] | R16=[H]C([H])[H] | R18=[H] | R20=[H] | R21=[H] | R22=[H]NC([H])([H])[H] | R23=[H] | R26=[H].[H]C([H])[H] | R28=[H].[H] | R29=[H].[H] | R31=[H] | R32=[H].[H] | R34=F | R35=[H] | R37=[H] | R38=[H]C([H])[H],CNc1ccn(-c2ccnc3c2cc([C@H](C)N2CC=C(c4c(C)cc(C(=O)N5CC[C@@H](C(C)(C)C)n6nccc65)cc4F)CC2)n3C)c(=O)c1,[H].[H]C([H])([H])C(C([H])([H])[H])C([H])([H])[H],[H].[H],[H].[H],,[H],[H],,,[H],[H],[H]C([H])[H],[H],[H],[H],[H]NC([H])([H])[H],[H],[H].[H]C([H])[H],[H].[H],[H].[H],[H],[H].[H],F,[H],[H],[H]C([H])[H]
EN300-1117949_9800,-10.468297823683189,,0.54036634342604,,R1=[H]C([H])[H] | R2=[H] | R5=[H].[H] | R6=[H].[H]C([H])[H] | R7=[H].[H] | R10=[H] | R11=[H] | R16=[H]C([H])[H] | R18=[H] | R20=[H] | R21=[H] | R22=[H]NC([H])([H])[H] | R23=[H] | R26=[H].[H]C([H])[H] | R28=[H].[H] | R29=[H].[H] | R31=[H] | R32=[H].[H] | R34=F | R35=[H] | R37=[H] | R38=[H]C([H])[H],CNc1ccn(-c2ccnc3c2cc([C@H](C)N2CC=C(c4c(C)cc(C(=O)N5C[C@H](C)Cn6nc(C)cc65)cc4F)CC2)n3C)c(=O)c1,[H]C([H])[H],[H],,[H].[H],[H].[H]C([H])[H],[H].[H],,,[H],[H],[H]C([H])[H],[H],[H],[H],[H]NC([H])([H])[H],[H],[H].[H]C([H])[H],[H].[H],[H].[H],[H],[H].[H],F,[H],[H],[H]C([H])[H]
EN300-374358_38306,-10.158159338932645,,0.5026223097939048,,R1=[H].[H]C([H])[H] | R2=[H].[H] | R5=[H] | R6=[H] | R9=[H].[H] | R10=[H] | R11=[H] | R16=[H]C([H])[H] | R18=[H] | R20=[H] | R21=[H] | R22=[H]NC([H])([H])[H] | R23=[H] | R26=[H].[H]C([H])[H] | R28=[H].[H] | R29=[H].[H] | R31=[H] | R32=[H].[H] | R34=F | R35=[H] | R37=[H] | R38=[H]C([H])[H],CNc1ccn(-c2ccnc3c2cc([C@H](C)N2CC=C(c4c(C)cc(C(=O)N5C[C@@H](C)Cn6nccc65)cc4F)CC2)n3C)c(=O)c1,[H].[H]C([H])[H],[H].[H],,[H],[H],,,[H].[H],[H],[H],[H]C([H])[H],[H],[H],[H],[H]NC([H])([H])[H],[H],[H].[H]C([H])[H],[H].[H],[H].[H],[H],[H].[H],F,[H],[H],[H]C([H])[H]
EN300-229417_5811,-9.71267953331307,,0.4484071588452357,,R1=C#N | R2=[H] | R7=[H].[H] | R8=[H].[H] | R9=FC(F)F.[H] | R10=[H] | R11=[H] | R16=[H]C([H])[H] | R18=[H] | R20=[H] | R21=[H] | R22=[H]NC([H])([H])[H] | R23=[H] | R26=[H].[H]C([H])[H] | R28=[H].[H] | R29=[H].[H] | R31=[H] | R32=[H].[H] | R34=F | R35=[H] | R37=[H] | R38=[H]C([H])[H],CNc1ccn(-c2ccnc3c2cc([C@H](C)N2CC=C(c4c(C)cc(C(=O)N5CC[C@H](C(F)(F)F)n6ncc(C#N)c65)cc4F)CC2)n3C)c(=O)c1,C#N,[H],,,,[H].[H],[H].[H],FC(F)F.[H],[H],[H],[H]C([H])[H],[H],[H],[H],[H]NC([H])([H])[H],[H],[H].[H]C([H])[H],[H].[H],[H].[H],[H],[H].[H],F,[H],[H],[H]C([H])[H]
EN300-27636_236,-9.704440026095373,,0.44740440603373877,,R1=[H]C([H])[H] | R2=[H] | R5=[H].[H] | R6=[H].[H] | R7=FC(F)F.[H] | R10=[H] | R11=[H] | R16=[H]C([H])[H] | R18=[H] | R20=[H] | R21=[H] | R22=[H]NC([H])([H])[H] | R23=[H] | R26=[H].[H]C([H])[H] | R28=[H].[H] | R29=[H].[H] | R31=[H] | R32=[H].[H] | R34=F | R35=[H] | R37=[H] | R38=[H]C([H])[H],CNc1ccn(-c2ccnc3c2cc([C@H](C)N2CC=C(c4c(C)cc(C(=O)N5CC[C@H](C(F)(F)F)n6nc(C)cc65)cc4F)CC2)n3C)c(=O)c1,[H]C([H])[H],[H],,[H].[H],[H].[H],FC(F)F.[H],,,[H],[H],[H]C([H])[H],[H],[H],[H],[H]NC([H])([H])[H],[H],[H].[H]C([H])[H],[H].[H],[H].[H],[H],[H].[H],F,[H],[H],[H]C([H])[H]
EN300-1117949_9799,-9.302778926458128,,0.3985220170402459,,R1=[H]C([H])[H] | R2=[H] | R5=[H].[H] | R6=[H].[H]C([H])[H] | R7=[H].[H] | R10=[H] | R11=[H] | R16=[H]C([H])[H] | R18=[H] | R20=[H] | R21=[H] | R22=[H]NC([H])([H])[H] | R23=[H] | R26=[H].[H]C([H])[H] | R28=[H].[H] | R29=[H].[H] | R31=[H] | R32=[H].[H] | R34=F | R35=[H] | R37=[H] | R38=[H]C([H])[H],CNc1ccn(-c2ccnc3c2cc([C@H](C)N2CC=C(c4c(C)cc(C(=O)N5C[C@@H](C)Cn6nc(C)cc65)cc4F)CC2)n3C)c(=O)c1,[H]C([H])[H],[H],,[H].[H],[H].[H]C([H])[H],[H].[H],,,[H],[H],[H]C([H])[H],[H],[H],[H],[H]NC([H])([H])[H],[H],[H].[H]C([H])[H],[H].[H],[H].[H],[H],[H].[H],F,[H],[H],[H]C([H])[H]
EN300-6742967_45908,-9.076586297037377,,0.3709942427330203,,R1=[H].[H]C([H])[H] | R2=[H].[H] | R3=[H].[H] | R6=[H] | R7=C#N | R10=[H] | R11=[H] | R16=[H]C([H])[H] | R18=[H] | R20=[H] | R21=[H] | R22=[H]NC([H])([H])[H] | R23=[H] | R26=[H].[H]C([H])[H] | R28=[H].[H] | R29=[H].[H] | R31=[H] | R32=[H].[H] | R34=F | R35=[H] | R37=[H] | R38=[H]C([H])[H],CNc1ccn(-c2ccnc3c2cc([C@H](C)N2CC=C(c4c(C)cc(C(=O)N5c6c(C#N)cnn6CC[C@H]5C)cc4F)CC2)n3C)c(=O)c1,[H].[H]C([H])[H],[H].[H],[H].[H],,[H],C#N,,,[H],[H],[H]C([H])[H],[H],[H],[H],[H]NC([H])([H])[H],[H],[H].[H]C([H])[H],[H].[H],[H].[H],[H],[H].[H],F,[H],[H],[H]C([H])[H]
EN300-51995432_41398,-8.98667575613251,,0.36005207771107417,,R1=[H].[H]C([H])[H] | R2=[H].[H] | R3=[H].[H]C([H])[H] | R6=[H] | R7=[H] | R10=[H] | R11=[H] | R16=[H]C([H])[H] | R18=[H] | R20=[H] | R21=[H] | R22=[H]NC([H])([H])[H] | R23=[H] | R26=[H].[H]C([H])[H] | R28=[H].[H] | R29=[H].[H] | R31=[H] | R32=[H].[H] | R34=F | R35=[H] | R37=[H] | R38=[H]C([H])[H],CNc1ccn(-c2ccnc3c2cc([C@H](C)N2CC=C(c4c(C)cc(C(=O)N5c6ccnn6[C@@H](C)C[C@@H]5C)cc4F)CC2)n3C)c(=O)c1,[H].[H]C([H])[H],[H].[H],[H].[H]C([H])[H],,[H],[H],,,[H],[H],[H]C([H])[H],[H],[H],[H],[H]NC([H])([H])[H],[H],[H].[H]C([H])[H],[H].[H],[H].[H],[H],[H].[H],F,[H],[H],[H]C([H])[H]
LN05359585_7623,-8.833208966878775,,0.3413750803701352,,R1=Br | R3=[H] | R6=[H].[H] | R8=[H].[H] | R9=[H].[H] | R10=[H] | R11=[H] | R16=[H]C([H])[H] | R18=[H] | R20=[H] | R21=[H] | R22=[H]NC([H])([H])[H] | R23=[H] | R26=[H].[H]C([H])[H] | R28=[H].[H] | R29=[H].[H] | R31=[H] | R32=[H].[H] | R34=F | R35=[H] | R37=[H] | R38=[H]C([H])[H],CNc1ccn(-c2ccnc3c2cc([C@H](C)N2CC=C(c4c(C)cc(C(=O)N5CCCn6nc(Br)cc65)cc4F)CC2)n3C)c(=O)c1,Br,,[H],,[H].[H],,[H].[H],[H].[H],[H],[H],[H]C([H])[H],[H],[H],[H],[H]NC([H])([H])[H],[H],[H].[H]C([H])[H],[H].[H],[H].[H],[H],[H].[H],F,[H],[H],[H]C([H])[H]
EN300-1117849_22740,-8.755267331957679,,0.3318895381544644,,R1=[H].[H]C([H])[H] | R2=[H].[H] | R3=[H].[H] | R6=[H] | R7=[H] | R10=[H] | R11=[H] | R16=[H]C([H])[H] | R18=[H] | R20=[H] | R21=[H] | R22=[H]NC([H])([H])[H] | R23=[H] | R26=[H].[H]C([H])[H] | R28=[H].[H] | R29=[H].[H] | R31=[H] | R32=[H].[H] | R34=F | R35=[H] | R37=[H] | R38=[H]C([H])[H],CNc1ccn(-c2ccnc3c2cc([C@H](C)N2CC=C(c4c(C)cc(C(=O)N5c6ccnn6CC[C@@H]5C)cc4F)CC2)n3C)c(=O)c1,[H].[H]C([H])[H],[H].[H],[H].[H],,[H],[H],,,[H],[H],[H]C([H])[H],[H],[H],[H],[H]NC([H])([H])[H],[H],[H].[H]C([H])[H],[H].[H],[H].[H],[H],[H].[H],F,[H],[H],[H]C([H])[H]
EN300-229408_5796,-8.36780385212594,,0.2847350077331391,,R1=[H].[H]C([H])[H] | R2=[H].[H] | R3=FC(F)F.[H] | R6=[H] | R7=C#N | R10=[H] | R11=[H] | R16=[H]C([H])[H] | R18=[H] | R20=[H] | R21=[H] | R22=[H]NC([H])([H])[H] | R23=[H] | R26=[H].[H]C([H])[H] | R28=[H].[H] | R29=[H].[H] | R31=[H] | R32=[H].[H] | R34=F | R35=[H] | R37=[H] | R38=[H]C([H])[H],CNc1ccn(-c2ccnc3c2cc([C@H](C)N2CC=C(c4c(C)cc(C(=O)N5c6c(C#N)cnn6[C@@H](C(F)(F)F)C[C@@H]5C)cc4F)CC2)n3C)c(=O)c1,[H].[H]C([H])[H],[H].[H],FC(F)F.[H],,[H],C#N,,,[H],[H],[H]C([H])[H],[H],[H],[H],[H]NC([H])([H])[H],[H],[H].[H]C([H])[H],[H].[H],[H].[H],[H],[H].[H],F,[H],[H],[H]C([H])[H]
EN300-229416_5809,-7.748797467482531,,0.2094015713836335,,R1=FC(F)F.[H] | R2=[H].[H] | R3=[H].[H] | R6=[H] | R7=[H] | R10=[H] | R11=[H] | R16=[H]C([H])[H] | R18=[H] | R20=[H] | R21=[H] | R22=[H]NC([H])([H])[H] | R23=[H] | R26=[H].[H]C([H])[H] | R28=[H].[H] | R29=[H].[H] | R31=[H] | R32=[H].[H] | R34=F | R35=[H] | R37=[H] | R38=[H]C([H])[H],CNc1ccn(-c2ccnc3c2cc([C@H](C)N2CC=C(c4c(C)cc(C(=O)N5CC[C@H](C(F)(F)F)n6nccc65)cc4F)CC2)n3C)c(=O)c1,FC(F)F.[H],[H].[H],[H].[H],,[H],[H],,,[H],[H],[H]C([H])[H],[H],[H],[H],[H]NC([H])([H])[H],[H],[H].[H]C([H])[H],[H].[H],[H].[H],[H],[H].[H],F,[H],[H],[H]C([H])[H]
EN300-29764_254,-7.215511663297153,,0.14450037943738692,,R1=[H]C([H])[H] | R2=[H] | R5=FC(F)F.[H] | R6=[H].[H] | R7=[H].[H]C([H])[H] | R10=[H] | R11=[H] | R16=[H]C([H])[H] | R18=[H] | R20=[H] | R21=[H] | R22=[H]NC([H])([H])[H] | R23=[H] | R26=[H].[H]C([H])[H] | R28=[H].[H] | R29=[H].[H] | R31=[H] | R32=[H].[H] | R34=F | R35=[H] | R37=[H] | R38=[H]C([H])[H],CNc1ccn(-c2ccnc3c2cc([C@H](C)N2CC=C(c4c(C)cc(C(=O)N5c6cc(C)nn6[C@@H](C)C[C@@H]5C(F)(F)F)cc4F)CC2)n3C)c(=O)c1,[H]C([H])[H],[H],,FC(F)F.[H],[H].[H],[H].[H]C([H])[H],,,[H],[H],[H]C([H])[H],[H],[H],[H],[H]NC([H])([H])[H],[H],[H].[H]C([H])[H],[H].[H],[H].[H],[H],[H].[H],F,[H],[H],[H]C([H])[H]
