mol_id,score,interaction_count,priority_score,cluster_id,substitution_signature,smiles,R1,R2,R3,R4,R5,R6,R7,R8,R9,R11,R12,R17,R19,R21,R22,R23,R24,R27,R29,R30,R32,R33,R35,R36,R38,R39
LN01314864_7617,-11.901126239751445,,0.7147423934304704,,R1=Cl | R5=[H] | R7=[H].[H] | R8=[H].[H] | R9=[H].[H] | R11=[H] | R12=[H] | R17=[H]C([H])[H] | R19=[H] | R21=[H] | R22=[H] | R23=[H]NC([H])([H])[H] | R24=[H] | R27=[H].[H]C([H])[H] | R29=[H].[H] | R30=[H].[H] | R32=[H] | R33=[H].[H] | R35=F | R36=[H] | R38=[H] | R39=[H]C([H])[H],CNc1ccn(-c2ccnc3c2cc([C@H](C)N2CC=C(c4c(C)cc(C(=O)N5CCc6nc(Cl)ncc6C5)cc4F)CC2)n3C)c(=O)c1,Cl,,,,[H],,[H].[H],[H].[H],[H].[H],[H],[H],[H]C([H])[H],[H],[H],[H],[H]NC([H])([H])[H],[H],[H].[H]C([H])[H],[H].[H],[H].[H],[H],[H].[H],F,[H],[H],[H]C([H])[H]
EN300-1718697_29470,-11.837916212040893,,0.7070496963641445,,R1=FC(F)F | R3=[H] | R5=[H].[H] | R7=[H].[H] | R8=[H].[H] | R11=[H] | R12=[H] | R17=[H]C([H])[H] | R19=[H] | R21=[H] | R22=[H] | R23=[H]NC([H])([H])[H] | R24=[H] | R27=[H].[H]C([H])[H] | R29=[H].[H] | R30=[H].[H] | R32=[H] | R33=[H].[H] | R35=F | R36=[H] | R38=[H] | R39=[H]C([H])[H],CNc1ccn(-c2ccnc3c2cc([C@H](C)N2CC=C(c4c(C)cc(C(=O)N5CCc6nc(C(F)(F)F)ncc6C5)cc4F)CC2)n3C)c(=O)c1,FC(F)F,,[H],,[H].[H],,[H].[H],[H].[H],,[H],[H],[H]C([H])[H],[H],[H],[H],[H]NC([H])([H])[H],[H],[H].[H]C([H])[H],[H].[H],[H].[H],[H],[H].[H],F,[H],[H],[H]C([H])[H]
LN00159756_1939,-11.807884583740421,,0.7033948297663647,,R1=[H]C([H])([H])O | R5=[H] | R7=[H].[H] | R8=[H].[H] | R9=[H].[H] | R11=[H] | R12=[H] | R17=[H]C([H])[H] | R19=[H] | R21=[H] | R22=[H] | R23=[H]NC([H])([H])[H] | R24=[H] | R27=[H].[H]C([H])[H] | R29=[H].[H] | R30=[H].[H] | R32=[H] | R33=[H].[H] | R35=F | R36=[H] | R38=[H] | R39=[H]C([H])[H],CNc1ccn(-c2ccnc3c2cc([C@H](C)N2CC=C(c4c(C)cc(C(=O)N5CCc6nc(OC)ncc6C5)cc4F)CC2)n3C)c(=O)c1,[H]C([H])([H])O,,,,[H],,[H].[H],[H].[H],[H].[H],[H],[H],[H]C([H])[H],[H],[H],[H],[H]NC([H])([H])[H],[H],[H].[H]C([H])[H],[H].[H],[H].[H],[H],[H].[H],F,[H],[H],[H]C([H])[H]
EN300-332094_21326,-11.773044313271203,,0.6991547486251914,,R1=[H]C([H])OC([H])([H])[H] | R3=[H] | R5=[H].[H] | R7=[H].[H] | R8=[H].[H] | R11=[H] | R12=[H] | R17=[H]C([H])[H] | R19=[H] | R21=[H] | R22=[H] | R23=[H]NC([H])([H])[H] | R24=[H] | R27=[H].[H]C([H])[H] | R29=[H].[H] | R30=[H].[H] | R32=[H] | R33=[H].[H] | R35=F | R36=[H] | R38=[H] | R39=[H]C([H])[H],CNc1ccn(-c2ccnc3c2cc([C@H](C)N2CC=C(c4c(C)cc(C(=O)N5CCc6nc(COC)ncc6C5)cc4F)CC2)n3C)c(=O)c1,[H]C([H])OC([H])([H])[H],,[H],,[H].[H],,[H].[H],[H].[H],,[H],[H],[H]C([H])[H],[H],[H],[H],[H]NC([H])([H])[H],[H],[H].[H]C([H])[H],[H].[H],[H].[H],[H],[H].[H],F,[H],[H],[H]C([H])[H]
EN300-62880_43816,-11.197548531631705,,0.6291165779195321,,R1=[H]C([H])([H])C([H])([H])O | R3=[H] | R6=[H].[H] | R7=[H].[H] | R9=[H].[H] | R11=[H] | R12=[H] | R17=[H]C([H])[H] | R19=[H] | R21=[H] | R22=[H] | R23=[H]NC([H])([H])[H] | R24=[H] | R27=[H].[H]C([H])[H] | R29=[H].[H] | R30=[H].[H] | R32=[H] | R33=[H].[H] | R35=F | R36=[H] | R38=[H] | R39=[H]C([H])[H],CCOc1ncnc2c1CN(C(=O)c1cc(C)c(C3=CCN([C@@H](C)c4cc5c(-n6ccc(NC)cc6=O)ccnc5n4C)CC3)c(F)c1)CC2,[H]C([H])([H])C([H])([H])O,,[H],,,[H].[H],[H].[H],,[H].[H],[H],[H],[H]C([H])[H],[H],[H],[H],[H]NC([H])([H])[H],[H],[H].[H]C([H])[H],[H].[H],[H].[H],[H],[H].[H],F,[H],[H],[H]C([H])[H]
LN00172689_4127,-11.147845256449383,,0.623067660476675,,R3=[H] | R5=[H].[H] | R7=[H] | R8=[H].[H] | R9=[H].[H] | R11=[H] | R12=[H] | R17=[H]C([H])[H] | R19=[H] | R21=[H] | R22=[H] | R23=[H]NC([H])([H])[H] | R24=[H] | R27=[H].[H]C([H])[H] | R29=[H].[H] | R30=[H].[H] | R32=[H] | R33=[H].[H] | R35=F | R36=[H] | R38=[H] | R39=[H]C([H])[H],CNc1ccn(-c2ccnc3c2cc([C@H](C)N2CC=C(c4c(C)cc(C(=O)N5CCc6ncncc6C5)cc4F)CC2)n3C)c(=O)c1,,,[H],,[H].[H],,[H],[H].[H],[H].[H],[H],[H],[H]C([H])[H],[H],[H],[H],[H]NC([H])([H])[H],[H],[H].[H]C([H])[H],[H].[H],[H].[H],[H],[H].[H],F,[H],[H],[H]C([H])[H]
EN300-37417807_12906,-11.13165701295712,,0.6210975418462554,,R1=Cl | R3=[H] | R6=[H].[H] | R7=[H].[H] | R9=[H].[H] | R11=[H] | R12=[H] | R17=[H]C([H])[H] | R19=[H] | R21=[H] | R22=[H] | R23=[H]NC([H])([H])[H] | R24=[H] | R27=[H].[H]C([H])[H] | R29=[H].[H] | R30=[H].[H] | R32=[H] | R33=[H].[H] | R35=F | R36=[H] | R38=[H] | R39=[H]C([H])[H],CNc1ccn(-c2ccnc3c2cc([C@H](C)N2CC=C(c4c(C)cc(C(=O)N5CCc6ncnc(Cl)c6C5)cc4F)CC2)n3C)c(=O)c1,Cl,,[H],,,[H].[H],[H].[H],,[H].[H],[H],[H],[H]C([H])[H],[H],[H],[H],[H]NC([H])([H])[H],[H],[H].[H]C([H])[H],[H].[H],[H].[H],[H],[H].[H],F,[H],[H],[H]C([H])[H]
LN00305093_6171,-11.07433054273289,,0.6141208771414693,,R3=[H]C([H])[H] | R5=[H].[H] | R7=[H] | R8=[H].[H] | R9=[H].[H] | R11=[H] | R12=[H] | R17=[H]C([H])[H] | R19=[H] | R21=[H] | R22=[H] | R23=[H]NC([H])([H])[H] | R24=[H] | R27=[H].[H]C([H])[H] | R29=[H].[H] | R30=[H].[H] | R32=[H] | R33=[H].[H] | R35=F | R36=[H] | R38=[H] | R39=[H]C([H])[H],CNc1ccn(-c2ccnc3c2cc([C@H](C)N2CC=C(c4c(C)cc(C(=O)N5CCc6nc(C)ncc6C5)cc4F)CC2)n3C)c(=O)c1,,,[H]C([H])[H],,[H].[H],,[H],[H].[H],[H].[H],[H],[H],[H]C([H])[H],[H],[H],[H],[H]NC([H])([H])[H],[H],[H].[H]C([H])[H],[H].[H],[H].[H],[H],[H].[H],F,[H],[H],[H]C([H])[H]
EN300-365927_8702,-10.974169440974762,,0.6019312129131449,,R1=[H].[H]C([H])[H] | R2=[H].[H] | R4=[H].[H] | R6=[H] | R8=[H] | R11=[H] | R12=[H] | R17=[H]C([H])[H] | R19=[H] | R21=[H] | R22=[H] | R23=[H]NC([H])([H])[H] | R24=[H] | R27=[H].[H]C([H])[H] | R29=[H].[H] | R30=[H].[H] | R32=[H] | R33=[H].[H] | R35=F | R36=[H] | R38=[H] | R39=[H]C([H])[H],CNc1ccn(-c2ccnc3c2cc([C@H](C)N2CC=C(c4c(C)cc(C(=O)N5Cc6cncnc6[C@H](C)C5)cc4F)CC2)n3C)c(=O)c1,[H].[H]C([H])[H],[H].[H],,[H].[H],,[H],,[H],,[H],[H],[H]C([H])[H],[H],[H],[H],[H]NC([H])([H])[H],[H],[H].[H]C([H])[H],[H].[H],[H].[H],[H],[H].[H],F,[H],[H],[H]C([H])[H]
EN300-365927_8703,-10.800027717415983,,0.580738064065309,,R1=[H].[H]C([H])[H] | R2=[H].[H] | R4=[H].[H] | R6=[H] | R8=[H] | R11=[H] | R12=[H] | R17=[H]C([H])[H] | R19=[H] | R21=[H] | R22=[H] | R23=[H]NC([H])([H])[H] | R24=[H] | R27=[H].[H]C([H])[H] | R29=[H].[H] | R30=[H].[H] | R32=[H] | R33=[H].[H] | R35=F | R36=[H] | R38=[H] | R39=[H]C([H])[H],CNc1ccn(-c2ccnc3c2cc([C@H](C)N2CC=C(c4c(C)cc(C(=O)N5Cc6cncnc6[C@@H](C)C5)cc4F)CC2)n3C)c(=O)c1,[H].[H]C([H])[H],[H].[H],,[H].[H],,[H],,[H],,[H],[H],[H]C([H])[H],[H],[H],[H],[H]NC([H])([H])[H],[H],[H].[H]C([H])[H],[H].[H],[H].[H],[H],[H].[H],F,[H],[H],[H]C([H])[H]
LN04717277_7577,-10.512765196770447,,0.5457780485444426,,R2=[H]C([H])([H])NC([H])([H])[H] | R6=[H].[H] | R7=[H] | R8=[H].[H] | R9=[H].[H] | R11=[H] | R12=[H] | R17=[H]C([H])[H] | R19=[H] | R21=[H] | R22=[H] | R23=[H]NC([H])([H])[H] | R24=[H] | R27=[H].[H]C([H])[H] | R29=[H].[H] | R30=[H].[H] | R32=[H] | R33=[H].[H] | R35=F | R36=[H] | R38=[H] | R39=[H]C([H])[H],CNc1ccn(-c2ccnc3c2cc([C@H](C)N2CC=C(c4c(C)cc(C(=O)N5CCc6nc(N(C)C)ncc6C5)cc4F)CC2)n3C)c(=O)c1,,[H]C([H])([H])NC([H])([H])[H],,,,[H].[H],[H],[H].[H],[H].[H],[H],[H],[H]C([H])[H],[H],[H],[H],[H]NC([H])([H])[H],[H],[H].[H]C([H])[H],[H].[H],[H].[H],[H],[H].[H],F,[H],[H],[H]C([H])[H]
EN300-37416369_12890,-10.334001429481141,,0.5240223942914664,,R1=FC(F)F | R3=Cl | R6=[H].[H] | R7=[H].[H] | R9=[H].[H] | R11=[H] | R12=[H] | R17=[H]C([H])[H] | R19=[H] | R21=[H] | R22=[H] | R23=[H]NC([H])([H])[H] | R24=[H] | R27=[H].[H]C([H])[H] | R29=[H].[H] | R30=[H].[H] | R32=[H] | R33=[H].[H] | R35=F | R36=[H] | R38=[H] | R39=[H]C([H])[H],CNc1ccn(-c2ccnc3c2cc([C@H](C)N2CC=C(c4c(C)cc(C(=O)N5CCc6nc(Cl)nc(C(F)(F)F)c6C5)cc4F)CC2)n3C)c(=O)c1,FC(F)F,,Cl,,,[H].[H],[H].[H],,[H].[H],[H],[H],[H]C([H])[H],[H],[H],[H],[H]NC([H])([H])[H],[H],[H].[H]C([H])[H],[H].[H],[H].[H],[H],[H].[H],F,[H],[H],[H]C([H])[H]
EN300-26679079_14500,-10.07507144907575,,0.4925104653651031,,R1=[H]C([H])([H])O | R3=Cl | R6=[H].[H] | R7=[H].[H] | R9=[H].[H] | R11=[H] | R12=[H] | R17=[H]C([H])[H] | R19=[H] | R21=[H] | R22=[H] | R23=[H]NC([H])([H])[H] | R24=[H] | R27=[H].[H]C([H])[H] | R29=[H].[H] | R30=[H].[H] | R32=[H] | R33=[H].[H] | R35=F | R36=[H] | R38=[H] | R39=[H]C([H])[H],CNc1ccn(-c2ccnc3c2cc([C@H](C)N2CC=C(c4c(C)cc(C(=O)N5CCc6nc(Cl)nc(OC)c6C5)cc4F)CC2)n3C)c(=O)c1,[H]C([H])([H])O,,Cl,,,[H].[H],[H].[H],,[H].[H],[H],[H],[H]C([H])[H],[H],[H],[H],[H]NC([H])([H])[H],[H],[H].[H]C([H])[H],[H].[H],[H].[H],[H],[H].[H],F,[H],[H],[H]C([H])[H]
EN300-6740349_34999,-9.744620201507662,,0.45229435670634344,,R1=[H]C([H])[H] | R3=[H] | R6=[H].[H] | R7=[H].[H] | R9=[H].[H] | R11=[H] | R12=[H] | R17=[H]C([H])[H] | R19=[H] | R21=[H] | R22=[H] | R23=[H]NC([H])([H])[H] | R24=[H] | R27=[H].[H]C([H])[H] | R29=[H].[H] | R30=[H].[H] | R32=[H] | R33=[H].[H] | R35=F | R36=[H] | R38=[H] | R39=[H]C([H])[H],CNc1ccn(-c2ccnc3c2cc([C@H](C)N2CC=C(c4c(C)cc(C(=O)N5CCc6ncnc(C)c6C5)cc4F)CC2)n3C)c(=O)c1,[H]C([H])[H],,[H],,,[H].[H],[H].[H],,[H].[H],[H],[H],[H]C([H])[H],[H],[H],[H],[H]NC([H])([H])[H],[H],[H].[H]C([H])[H],[H].[H],[H].[H],[H],[H].[H],F,[H],[H],[H]C([H])[H]
EN300-331543_8547,-9.508624123236723,,0.4235734969830657,,R1=[H]C([H])C([H])([H])[H] | R3=[H] | R5=[H].[H] | R7=[H].[H] | R8=[H].[H] | R11=[H] | R12=[H] | R17=[H]C([H])[H] | R19=[H] | R21=[H] | R22=[H] | R23=[H]NC([H])([H])[H] | R24=[H] | R27=[H].[H]C([H])[H] | R29=[H].[H] | R30=[H].[H] | R32=[H] | R33=[H].[H] | R35=F | R36=[H] | R38=[H] | R39=[H]C([H])[H],CCc1ncc2c(n1)CCN(C(=O)c1cc(C)c(C3=CCN([C@@H](C)c4cc5c(-n6ccc(NC)cc6=O)ccnc5n4C)CC3)c(F)c1)C2,[H]C([H])C([H])([H])[H],,[H],,[H].[H],,[H].[H],[H].[H],,[H],[H],[H]C([H])[H],[H],[H],[H],[H]NC([H])([H])[H],[H],[H].[H]C([H])[H],[H].[H],[H].[H],[H],[H].[H],F,[H],[H],[H]C([H])[H]
EN300-312350_8230,-9.116284439914809,,0.3758255297663089,,R1=[H]C(C([H])([H])[H])C([H])([H])[H] | R3=[H] | R5=[H].[H] | R7=[H].[H] | R8=[H].[H] | R11=[H] | R12=[H] | R17=[H]C([H])[H] | R19=[H] | R21=[H] | R22=[H] | R23=[H]NC([H])([H])[H] | R24=[H] | R27=[H].[H]C([H])[H] | R29=[H].[H] | R30=[H].[H] | R32=[H] | R33=[H].[H] | R35=F | R36=[H] | R38=[H] | R39=[H]C([H])[H],CNc1ccn(-c2ccnc3c2cc([C@H](C)N2CC=C(c4c(C)cc(C(=O)N5CCc6nc(C(C)C)ncc6C5)cc4F)CC2)n3C)c(=O)c1,[H]C(C([H])([H])[H])C([H])([H])[H],,[H],,[H].[H],,[H].[H],[H].[H],,[H],[H],[H]C([H])[H],[H],[H],[H],[H]NC([H])([H])[H],[H],[H].[H]C([H])[H],[H].[H],[H].[H],[H],[H].[H],F,[H],[H],[H]C([H])[H]
EN300-6498461_15106,-9.09200860042916,,0.37287114600857696,,R1=[H]C([H])C([H])([H])C(C([H])([H])[H])(C([H])([H])[H])C([H])([H])[H] | R3=[H] | R5=[H].[H] | R7=[H].[H] | R8=[H].[H] | R11=[H] | R12=[H] | R17=[H]C([H])[H] | R19=[H] | R21=[H] | R22=[H] | R23=[H]NC([H])([H])[H] | R24=[H] | R27=[H].[H]C([H])[H] | R29=[H].[H] | R30=[H].[H] | R32=[H] | R33=[H].[H] | R35=F | R36=[H] | R38=[H] | R39=[H]C([H])[H],CNc1ccn(-c2ccnc3c2cc([C@H](C)N2CC=C(c4c(C)cc(C(=O)N5CCc6nc(CCC(C)(C)C)ncc6C5)cc4F)CC2)n3C)c(=O)c1,[H]C([H])C([H])([H])C(C([H])([H])[H])(C([H])([H])[H])C([H])([H])[H],,[H],,[H].[H],,[H].[H],[H].[H],,[H],[H],[H]C([H])[H],[H],[H],[H],[H]NC([H])([H])[H],[H],[H].[H]C([H])[H],[H].[H],[H].[H],[H],[H].[H],F,[H],[H],[H]C([H])[H]
LN00173160_2824,-8.996545010324317,,0.36125317167540194,,R1=Cl | R4=Cl | R7=[H].[H] | R8=[H].[H] | R9=[H].[H] | R11=[H] | R12=[H] | R17=[H]C([H])[H] | R19=[H] | R21=[H] | R22=[H] | R23=[H]NC([H])([H])[H] | R24=[H] | R27=[H].[H]C([H])[H] | R29=[H].[H] | R30=[H].[H] | R32=[H] | R33=[H].[H] | R35=F | R36=[H] | R38=[H] | R39=[H]C([H])[H],CNc1ccn(-c2ccnc3c2cc([C@H](C)N2CC=C(c4c(C)cc(C(=O)N5CCc6nc(Cl)nc(Cl)c6C5)cc4F)CC2)n3C)c(=O)c1,Cl,,,Cl,,,[H].[H],[H].[H],[H].[H],[H],[H],[H]C([H])[H],[H],[H],[H],[H]NC([H])([H])[H],[H],[H].[H]C([H])[H],[H].[H],[H].[H],[H],[H].[H],F,[H],[H],[H]C([H])[H]
EN300-312384_23128,-7.83259439008228,,0.2195997055088399,,R1=[H]C([H])([H])C(C([H])([H])[H])C([H])([H])[H] | R3=[H] | R5=[H].[H] | R7=[H].[H] | R8=[H].[H] | R11=[H] | R12=[H] | R17=[H]C([H])[H] | R19=[H] | R21=[H] | R22=[H] | R23=[H]NC([H])([H])[H] | R24=[H] | R27=[H].[H]C([H])[H] | R29=[H].[H] | R30=[H].[H] | R32=[H] | R33=[H].[H] | R35=F | R36=[H] | R38=[H] | R39=[H]C([H])[H],CNc1ccn(-c2ccnc3c2cc([C@H](C)N2CC=C(c4c(C)cc(C(=O)N5CCc6nc(C(C)(C)C)ncc6C5)cc4F)CC2)n3C)c(=O)c1,[H]C([H])([H])C(C([H])([H])[H])C([H])([H])[H],,[H],,[H].[H],,[H].[H],[H].[H],,[H],[H],[H]C([H])[H],[H],[H],[H],[H]NC([H])([H])[H],[H],[H].[H]C([H])[H],[H].[H],[H].[H],[H],[H].[H],F,[H],[H],[H]C([H])[H]
