mol_id,score,interaction_count,priority_score,cluster_id,substitution_signature,smiles,R1,R2,R3,R4,R5,R6,R7,R8,R9,R10,R11,R12,R13,R18,R20,R22,R23,R24,R25,R28,R30,R31,R33,R34,R36,R37,R39,R40
LN05447391_5526,-12.494262286540426,2.0,0.5147709578580575,,R1=F | R2=[H] | R3=[H] | R5=[H] | R8=[H].[H] | R9=[H] | R12=[H] | R13=[H] | R18=[H]C([H])[H] | R20=[H] | R22=[H] | R23=[H] | R24=[H]NC([H])([H])[H] | R25=[H] | R28=[H].[H]C([H])[H] | R30=[H].[H] | R31=[H].[H] | R33=[H] | R34=[H].[H] | R36=F | R37=[H] | R39=[H] | R40=[H]C([H])[H],CNc1ccn(-c2ccnc3c2cc([C@H](C)N2CC=C(c4c(C)cc(C(=O)N5CC(=O)Nc6ccc(F)cc65)cc4F)CC2)n3C)c(=O)c1,F,[H],[H],,[H],,,[H].[H],[H],,,[H],[H],[H]C([H])[H],[H],[H],[H],[H]NC([H])([H])[H],[H],[H].[H]C([H])[H],[H].[H],[H].[H],[H],[H].[H],F,[H],[H],[H]C([H])[H]
EN300-1708780_11969,-12.253754648787579,2.0,0.5030629902055679,,R3=[H].[H] | R6=[H] | R7=[H]O | R8=[H] | R9=[H] | R11=[H] | R12=[H] | R13=[H] | R18=[H]C([H])[H] | R20=[H] | R22=[H] | R23=[H] | R24=[H]NC([H])([H])[H] | R25=[H] | R28=[H].[H]C([H])[H] | R30=[H].[H] | R31=[H].[H] | R33=[H] | R34=[H].[H] | R36=F | R37=[H] | R39=[H] | R40=[H]C([H])[H],CNc1ccn(-c2ccnc3c2cc([C@H](C)N2CC=C(c4c(C)cc(C(=O)N5CC(=O)Nc6ccc(O)cc65)cc4F)CC2)n3C)c(=O)c1,,,[H].[H],,,[H],[H]O,[H],[H],,[H],[H],[H],[H]C([H])[H],[H],[H],[H],[H]NC([H])([H])[H],[H],[H].[H]C([H])[H],[H].[H],[H].[H],[H],[H].[H],F,[H],[H],[H]C([H])[H]
EN300-04190_20538,-12.110404403255917,2.0,0.4960846669666782,,R3=[H].[H] | R6=[H] | R7=[H] | R8=[H] | R9=[H] | R11=[H] | R12=[H] | R13=[H] | R18=[H]C([H])[H] | R20=[H] | R22=[H] | R23=[H] | R24=[H]NC([H])([H])[H] | R25=[H] | R28=[H].[H]C([H])[H] | R30=[H].[H] | R31=[H].[H] | R33=[H] | R34=[H].[H] | R36=F | R37=[H] | R39=[H] | R40=[H]C([H])[H],CNc1ccn(-c2ccnc3c2cc([C@H](C)N2CC=C(c4c(C)cc(C(=O)N5CC(=O)Nc6ccccc65)cc4F)CC2)n3C)c(=O)c1,,,[H].[H],,,[H],[H],[H],[H],,[H],[H],[H],[H]C([H])[H],[H],[H],[H],[H]NC([H])([H])[H],[H],[H].[H]C([H])[H],[H].[H],[H].[H],[H],[H].[H],F,[H],[H],[H]C([H])[H]
EN300-33039615_42827,-12.073757224047117,2.0,0.49430067377319575,,R3=[H].[H] | R6=[H] | R7=Br | R8=Br | R9=[H] | R11=[H] | R12=[H] | R13=[H] | R18=[H]C([H])[H] | R20=[H] | R22=[H] | R23=[H] | R24=[H]NC([H])([H])[H] | R25=[H] | R28=[H].[H]C([H])[H] | R30=[H].[H] | R31=[H].[H] | R33=[H] | R34=[H].[H] | R36=F | R37=[H] | R39=[H] | R40=[H]C([H])[H],CNc1ccn(-c2ccnc3c2cc([C@H](C)N2CC=C(c4c(C)cc(C(=O)N5CC(=O)Nc6cc(Br)c(Br)cc65)cc4F)CC2)n3C)c(=O)c1,,,[H].[H],,,[H],Br,Br,[H],,[H],[H],[H],[H]C([H])[H],[H],[H],[H],[H]NC([H])([H])[H],[H],[H].[H]C([H])[H],[H].[H],[H].[H],[H],[H].[H],F,[H],[H],[H]C([H])[H]
LN04611795_6932,-11.986275162819219,2.0,0.4900420267189932,,R1=Br | R2=F | R3=[H] | R4=[H] | R8=[H] | R9=[H].[H] | R12=[H] | R13=[H] | R18=[H]C([H])[H] | R20=[H] | R22=[H] | R23=[H] | R24=[H]NC([H])([H])[H] | R25=[H] | R28=[H].[H]C([H])[H] | R30=[H].[H] | R31=[H].[H] | R33=[H] | R34=[H].[H] | R36=F | R37=[H] | R39=[H] | R40=[H]C([H])[H],CNc1ccn(-c2ccnc3c2cc([C@H](C)N2CC=C(c4c(C)cc(C(=O)N5CC(=O)Nc6cc(F)c(Br)cc65)cc4F)CC2)n3C)c(=O)c1,Br,F,[H],[H],,,,[H],[H].[H],,,[H],[H],[H]C([H])[H],[H],[H],[H],[H]NC([H])([H])[H],[H],[H].[H]C([H])[H],[H].[H],[H].[H],[H],[H].[H],F,[H],[H],[H]C([H])[H]
EN300-72989_2579,-11.943114148113985,2.0,0.48794093850100995,,R3=[H].[H] | R6=[H] | R7=[H] | R8=Br | R9=[H] | R11=[H] | R12=[H] | R13=[H] | R18=[H]C([H])[H] | R20=[H] | R22=[H] | R23=[H] | R24=[H]NC([H])([H])[H] | R25=[H] | R28=[H].[H]C([H])[H] | R30=[H].[H] | R31=[H].[H] | R33=[H] | R34=[H].[H] | R36=F | R37=[H] | R39=[H] | R40=[H]C([H])[H],CNc1ccn(-c2ccnc3c2cc([C@H](C)N2CC=C(c4c(C)cc(C(=O)N5CC(=O)Nc6cc(Br)ccc65)cc4F)CC2)n3C)c(=O)c1,,,[H].[H],,,[H],[H],Br,[H],,[H],[H],[H],[H]C([H])[H],[H],[H],[H],[H]NC([H])([H])[H],[H],[H].[H]C([H])[H],[H].[H],[H].[H],[H],[H].[H],F,[H],[H],[H]C([H])[H]
EN300-6247166_45269,-11.847364392058989,2.0,0.4832798181428378,,R3=[H].[H] | R6=[H] | R7=FC(F)F | R8=[H] | R9=[H] | R11=[H] | R12=[H] | R13=[H] | R18=[H]C([H])[H] | R20=[H] | R22=[H] | R23=[H] | R24=[H]NC([H])([H])[H] | R25=[H] | R28=[H].[H]C([H])[H] | R30=[H].[H] | R31=[H].[H] | R33=[H] | R34=[H].[H] | R36=F | R37=[H] | R39=[H] | R40=[H]C([H])[H],CNc1ccn(-c2ccnc3c2cc([C@H](C)N2CC=C(c4c(C)cc(C(=O)N5CC(=O)Nc6ccc(C(F)(F)F)cc65)cc4F)CC2)n3C)c(=O)c1,,,[H].[H],,,[H],FC(F)F,[H],[H],,[H],[H],[H],[H]C([H])[H],[H],[H],[H],[H]NC([H])([H])[H],[H],[H].[H]C([H])[H],[H].[H],[H].[H],[H],[H].[H],F,[H],[H],[H]C([H])[H]
LN01258417_1752,-11.796984926710358,2.0,0.48082733407138545,,R1=Br | R2=[H] | R3=[H] | R5=[H] | R8=[H].[H] | R9=[H] | R12=[H] | R13=[H] | R18=[H]C([H])[H] | R20=[H] | R22=[H] | R23=[H] | R24=[H]NC([H])([H])[H] | R25=[H] | R28=[H].[H]C([H])[H] | R30=[H].[H] | R31=[H].[H] | R33=[H] | R34=[H].[H] | R36=F | R37=[H] | R39=[H] | R40=[H]C([H])[H],CNc1ccn(-c2ccnc3c2cc([C@H](C)N2CC=C(c4c(C)cc(C(=O)N5CC(=O)Nc6ccc(Br)cc65)cc4F)CC2)n3C)c(=O)c1,Br,[H],[H],,[H],,,[H].[H],[H],,,[H],[H],[H]C([H])[H],[H],[H],[H],[H]NC([H])([H])[H],[H],[H].[H]C([H])[H],[H].[H],[H].[H],[H],[H].[H],F,[H],[H],[H]C([H])[H]
EN300-46817161_38018,-11.767863188251994,2.0,0.47940968108106685,,R3=[H].[H] | R6=Cl | R7=[H] | R8=Br | R9=[H] | R11=[H] | R12=[H] | R13=[H] | R18=[H]C([H])[H] | R20=[H] | R22=[H] | R23=[H] | R24=[H]NC([H])([H])[H] | R25=[H] | R28=[H].[H]C([H])[H] | R30=[H].[H] | R31=[H].[H] | R33=[H] | R34=[H].[H] | R36=F | R37=[H] | R39=[H] | R40=[H]C([H])[H],CNc1ccn(-c2ccnc3c2cc([C@H](C)N2CC=C(c4c(C)cc(C(=O)N5CC(=O)Nc6cc(Br)cc(Cl)c65)cc4F)CC2)n3C)c(=O)c1,,,[H].[H],,,Cl,[H],Br,[H],,[H],[H],[H],[H]C([H])[H],[H],[H],[H],[H]NC([H])([H])[H],[H],[H].[H]C([H])[H],[H].[H],[H].[H],[H],[H].[H],F,[H],[H],[H]C([H])[H]
EN300-90156_1945,-11.71807676506226,2.0,0.47698606643961594,,R3=[H].[H] | R6=[H] | R7=F | R8=F | R9=[H] | R11=[H] | R12=[H] | R13=[H] | R18=[H]C([H])[H] | R20=[H] | R22=[H] | R23=[H] | R24=[H]NC([H])([H])[H] | R25=[H] | R28=[H].[H]C([H])[H] | R30=[H].[H] | R31=[H].[H] | R33=[H] | R34=[H].[H] | R36=F | R37=[H] | R39=[H] | R40=[H]C([H])[H],CNc1ccn(-c2ccnc3c2cc([C@H](C)N2CC=C(c4c(C)cc(C(=O)N5CC(=O)Nc6cc(F)c(F)cc65)cc4F)CC2)n3C)c(=O)c1,,,[H].[H],,,[H],F,F,[H],,[H],[H],[H],[H]C([H])[H],[H],[H],[H],[H]NC([H])([H])[H],[H],[H].[H]C([H])[H],[H].[H],[H].[H],[H],[H].[H],F,[H],[H],[H]C([H])[H]
EN300-45578_15609,-11.716540664363128,2.0,0.4769112887008945,,R3=[H].[H] | R6=[H] | R7=[H] | R8=F | R9=[H] | R11=[H] | R12=[H] | R13=[H] | R18=[H]C([H])[H] | R20=[H] | R22=[H] | R23=[H] | R24=[H]NC([H])([H])[H] | R25=[H] | R28=[H].[H]C([H])[H] | R30=[H].[H] | R31=[H].[H] | R33=[H] | R34=[H].[H] | R36=F | R37=[H] | R39=[H] | R40=[H]C([H])[H],CNc1ccn(-c2ccnc3c2cc([C@H](C)N2CC=C(c4c(C)cc(C(=O)N5CC(=O)Nc6cc(F)ccc65)cc4F)CC2)n3C)c(=O)c1,,,[H].[H],,,[H],[H],F,[H],,[H],[H],[H],[H]C([H])[H],[H],[H],[H],[H]NC([H])([H])[H],[H],[H].[H]C([H])[H],[H].[H],[H].[H],[H],[H].[H],F,[H],[H],[H]C([H])[H]
EN300-3015876_15413,-11.61039854997522,2.0,0.47174426592593566,,R3=[H].[H] | R6=Cl | R7=[H] | R8=[H] | R9=[H] | R11=[H] | R12=[H] | R13=[H] | R18=[H]C([H])[H] | R20=[H] | R22=[H] | R23=[H] | R24=[H]NC([H])([H])[H] | R25=[H] | R28=[H].[H]C([H])[H] | R30=[H].[H] | R31=[H].[H] | R33=[H] | R34=[H].[H] | R36=F | R37=[H] | R39=[H] | R40=[H]C([H])[H],CNc1ccn(-c2ccnc3c2cc([C@H](C)N2CC=C(c4c(C)cc(C(=O)N5CC(=O)Nc6cccc(Cl)c65)cc4F)CC2)n3C)c(=O)c1,,,[H].[H],,,Cl,[H],[H],[H],,[H],[H],[H],[H]C([H])[H],[H],[H],[H],[H]NC([H])([H])[H],[H],[H].[H]C([H])[H],[H].[H],[H].[H],[H],[H].[H],F,[H],[H],[H]C([H])[H]
EN300-52683766_43654,-11.598100631801076,2.0,0.47114560041360054,,R3=[H].[H] | R6=F | R7=[H] | R8=Br | R9=[H] | R11=[H] | R12=[H] | R13=[H] | R18=[H]C([H])[H] | R20=[H] | R22=[H] | R23=[H] | R24=[H]NC([H])([H])[H] | R25=[H] | R28=[H].[H]C([H])[H] | R30=[H].[H] | R31=[H].[H] | R33=[H] | R34=[H].[H] | R36=F | R37=[H] | R39=[H] | R40=[H]C([H])[H],CNc1ccn(-c2ccnc3c2cc([C@H](C)N2CC=C(c4c(C)cc(C(=O)N5CC(=O)Nc6cc(Br)cc(F)c65)cc4F)CC2)n3C)c(=O)c1,,,[H].[H],,,F,[H],Br,[H],,[H],[H],[H],[H]C([H])[H],[H],[H],[H],[H]NC([H])([H])[H],[H],[H].[H]C([H])[H],[H].[H],[H].[H],[H],[H].[H],F,[H],[H],[H]C([H])[H]
EN300-6274686_34441,-11.38275133230298,2.0,0.4606623465092028,,R3=[H].[H] | R6=[H] | R7=[H] | R8=I | R9=[H] | R11=[H] | R12=[H] | R13=[H] | R18=[H]C([H])[H] | R20=[H] | R22=[H] | R23=[H] | R24=[H]NC([H])([H])[H] | R25=[H] | R28=[H].[H]C([H])[H] | R30=[H].[H] | R31=[H].[H] | R33=[H] | R34=[H].[H] | R36=F | R37=[H] | R39=[H] | R40=[H]C([H])[H],CNc1ccn(-c2ccnc3c2cc([C@H](C)N2CC=C(c4c(C)cc(C(=O)N5CC(=O)Nc6cc(I)ccc65)cc4F)CC2)n3C)c(=O)c1,,,[H].[H],,,[H],[H],I,[H],,[H],[H],[H],[H]C([H])[H],[H],[H],[H],[H]NC([H])([H])[H],[H],[H].[H]C([H])[H],[H].[H],[H].[H],[H],[H].[H],F,[H],[H],[H]C([H])[H]
EN300-219104_31012,-11.294530531481191,2.0,0.4563677374400319,,R3=[H].[H] | R6=Br | R7=[H] | R8=[H] | R9=[H] | R11=[H] | R12=[H] | R13=[H] | R18=[H]C([H])[H] | R20=[H] | R22=[H] | R23=[H] | R24=[H]NC([H])([H])[H] | R25=[H] | R28=[H].[H]C([H])[H] | R30=[H].[H] | R31=[H].[H] | R33=[H] | R34=[H].[H] | R36=F | R37=[H] | R39=[H] | R40=[H]C([H])[H],CNc1ccn(-c2ccnc3c2cc([C@H](C)N2CC=C(c4c(C)cc(C(=O)N5CC(=O)Nc6cccc(Br)c65)cc4F)CC2)n3C)c(=O)c1,,,[H].[H],,,Br,[H],[H],[H],,[H],[H],[H],[H]C([H])[H],[H],[H],[H],[H]NC([H])([H])[H],[H],[H].[H]C([H])[H],[H].[H],[H].[H],[H],[H].[H],F,[H],[H],[H]C([H])[H]
EN300-45579_13067,-11.259650756585637,2.0,0.4546697818989155,,R3=[H].[H] | R6=[H] | R7=[H] | R8=[H] | R9=F | R11=[H] | R12=[H] | R13=[H] | R18=[H]C([H])[H] | R20=[H] | R22=[H] | R23=[H] | R24=[H]NC([H])([H])[H] | R25=[H] | R28=[H].[H]C([H])[H] | R30=[H].[H] | R31=[H].[H] | R33=[H] | R34=[H].[H] | R36=F | R37=[H] | R39=[H] | R40=[H]C([H])[H],CNc1ccn(-c2ccnc3c2cc([C@H](C)N2CC=C(c4c(C)cc(C(=O)N5CC(=O)Nc6c(F)cccc65)cc4F)CC2)n3C)c(=O)c1,,,[H].[H],,,[H],[H],[H],F,,[H],[H],[H],[H]C([H])[H],[H],[H],[H],[H]NC([H])([H])[H],[H],[H].[H]C([H])[H],[H].[H],[H].[H],[H],[H].[H],F,[H],[H],[H]C([H])[H]
EN300-3020051_13937,-11.140387604835228,2.0,0.4488640239784012,,R3=[H].[H] | R6=F | R7=[H] | R8=[H] | R9=[H] | R11=[H] | R12=[H] | R13=[H] | R18=[H]C([H])[H] | R20=[H] | R22=[H] | R23=[H] | R24=[H]NC([H])([H])[H] | R25=[H] | R28=[H].[H]C([H])[H] | R30=[H].[H] | R31=[H].[H] | R33=[H] | R34=[H].[H] | R36=F | R37=[H] | R39=[H] | R40=[H]C([H])[H],CNc1ccn(-c2ccnc3c2cc([C@H](C)N2CC=C(c4c(C)cc(C(=O)N5CC(=O)Nc6cccc(F)c65)cc4F)CC2)n3C)c(=O)c1,,,[H].[H],,,F,[H],[H],[H],,[H],[H],[H],[H]C([H])[H],[H],[H],[H],[H]NC([H])([H])[H],[H],[H].[H]C([H])[H],[H].[H],[H].[H],[H],[H].[H],F,[H],[H],[H]C([H])[H]
EN300-875250_40435,-10.710889506743996,2.0,0.4279559568324195,,R3=[H].[H] | R6=[H] | R7=[H] | R8=[H] | R9=Br | R11=[H] | R12=[H] | R13=[H] | R18=[H]C([H])[H] | R20=[H] | R22=[H] | R23=[H] | R24=[H]NC([H])([H])[H] | R25=[H] | R28=[H].[H]C([H])[H] | R30=[H].[H] | R31=[H].[H] | R33=[H] | R34=[H].[H] | R36=F | R37=[H] | R39=[H] | R40=[H]C([H])[H],CNc1ccn(-c2ccnc3c2cc([C@H](C)N2CC=C(c4c(C)cc(C(=O)N5CC(=O)Nc6c(Br)cccc65)cc4F)CC2)n3C)c(=O)c1,,,[H].[H],,,[H],[H],[H],Br,,[H],[H],[H],[H]C([H])[H],[H],[H],[H],[H]NC([H])([H])[H],[H],[H].[H]C([H])[H],[H].[H],[H].[H],[H],[H].[H],F,[H],[H],[H]C([H])[H]
EN300-1067062_19266,-10.206523122362979,2.0,0.40340328412518345,,R1=[H]C([H])[H] | R4=[H].[H] | R7=[H] | R8=[H] | R9=Br | R10=[H] | R12=[H] | R13=[H] | R18=[H]C([H])[H] | R20=[H] | R22=[H] | R23=[H] | R24=[H]NC([H])([H])[H] | R25=[H] | R28=[H].[H]C([H])[H] | R30=[H].[H] | R31=[H].[H] | R33=[H] | R34=[H].[H] | R36=F | R37=[H] | R39=[H] | R40=[H]C([H])[H],CNc1ccn(-c2ccnc3c2cc([C@H](C)N2CC=C(c4c(C)cc(C(=O)N5CC(=O)N(C)c6cc(Br)ccc65)cc4F)CC2)n3C)c(=O)c1,[H]C([H])[H],,,[H].[H],,,[H],[H],Br,[H],,[H],[H],[H]C([H])[H],[H],[H],[H],[H]NC([H])([H])[H],[H],[H].[H]C([H])[H],[H].[H],[H].[H],[H],[H].[H],F,[H],[H],[H]C([H])[H]
LN02154696_147,-9.250346863007058,2.0,0.3568564017923991,,R3=[H]C([H])[H] | R4=[H].[H] | R8=[H] | R9=[H] | R10=[H] | R11=[H] | R12=[H] | R13=[H] | R18=[H]C([H])[H] | R20=[H] | R22=[H] | R23=[H] | R24=[H]NC([H])([H])[H] | R25=[H] | R28=[H].[H]C([H])[H] | R30=[H].[H] | R31=[H].[H] | R33=[H] | R34=[H].[H] | R36=F | R37=[H] | R39=[H] | R40=[H]C([H])[H],CNc1ccn(-c2ccnc3c2cc([C@H](C)N2CC=C(c4c(C)cc(C(=O)N5CC(=O)N(C)c6ccccc65)cc4F)CC2)n3C)c(=O)c1,,,[H]C([H])[H],[H].[H],,,,[H],[H],[H],[H],[H],[H],[H]C([H])[H],[H],[H],[H],[H]NC([H])([H])[H],[H],[H].[H]C([H])[H],[H].[H],[H].[H],[H],[H].[H],F,[H],[H],[H]C([H])[H]
EN300-96167_20255,-7.182115735999336,2.0,0.2561744302794505,,R1=[H].[H]C([H])[H] | R4=[H] | R5=[H] | R6=[H] | R7=[H] | R9=[H] | R12=[H] | R13=[H] | R18=[H]C([H])[H] | R20=[H] | R22=[H] | R23=[H] | R24=[H]NC([H])([H])[H] | R25=[H] | R28=[H].[H]C([H])[H] | R30=[H].[H] | R31=[H].[H] | R33=[H] | R34=[H].[H] | R36=F | R37=[H] | R39=[H] | R40=[H]C([H])[H],CNc1ccn(-c2ccnc3c2cc([C@H](C)N2CC=C(c4c(C)cc(C(=O)N5c6ccccc6NC(=O)[C@H]5C)cc4F)CC2)n3C)c(=O)c1,[H].[H]C([H])[H],,,[H],[H],[H],[H],,[H],,,[H],[H],[H]C([H])[H],[H],[H],[H],[H]NC([H])([H])[H],[H],[H].[H]C([H])[H],[H].[H],[H].[H],[H],[H].[H],F,[H],[H],[H]C([H])[H]
EN300-22110_16540,-10.466926882199987,1.0,0.21607979962067647,,R3=[H].[H] | R6=[H] | R7=[H] | R8=FC(F)F | R9=[H] | R11=[H] | R12=[H] | R13=[H] | R18=[H]C([H])[H] | R20=[H] | R22=[H] | R23=[H] | R24=[H]NC([H])([H])[H] | R25=[H] | R28=[H].[H]C([H])[H] | R30=[H].[H] | R31=[H].[H] | R33=[H] | R34=[H].[H] | R36=F | R37=[H] | R39=[H] | R40=[H]C([H])[H],CNc1ccn(-c2ccnc3c2cc([C@H](C)N2CC=C(c4c(C)cc(C(=O)N5CC(=O)Nc6cc(C(F)(F)F)ccc65)cc4F)CC2)n3C)c(=O)c1,,,[H].[H],,,[H],[H],FC(F)F,[H],,[H],[H],[H],[H]C([H])[H],[H],[H],[H],[H]NC([H])([H])[H],[H],[H].[H]C([H])[H],[H].[H],[H].[H],[H],[H].[H],F,[H],[H],[H]C([H])[H]
